local_queue,uav_queue,energy_user,energy_uav,delay,weightedE,off_b,local_a,remote_c
0.0,0.0,0.0,0.0,0.0,0.0,0.0,0.0,0.0
7.2,0.0,3.1862735015218684,0.0,0.45,3.1862735015218684,7.0,0.2,0.0
8.5,7.0,46.38151245240059,116.97500000000002,0.9458333333333332,58.0790124524006,3.5,4.4,7.0
8.4,3.5,22.53706091611827,60.5125,1.08125,28.58831091611827,5.9,2.2,3.5
8.0,5.9,44.91593716848915,133.1875,1.2125,58.23468716848915,3.0,4.2,5.9
5.1,3.0,4.528625917151793,36.075,1.1791666666666667,8.136125917151793,3.4,1.7,3.0
8.3,3.4,27.66952827011909,60.650000000000006,1.219642857142857,33.73452827011909,4.8,3.0,3.4
10.4,4.8,40.608602357271444,94.35000000000001,1.3046875,50.043602357271446,5.1,4.2,4.8
9.0,5.1,54.39335719156432,136.0125,1.3555555555555556,67.99460719156431,2.7,5.5,5.1
11.0,2.7,38.063362697736935,36.5625,1.39125,41.719612697736935,7.3,3.4,2.7
10.1,7.3,48.63341685644366,159.6125,1.4625,64.59466685644367,4.6,4.4,7.3
9.6,4.6,18.259996799182613,92.0,1.4885416666666667,27.459996799182612,6.5,1.9,4.6
10.5,6.5,48.15800777280963,174.81250000000003,1.5375,65.63925777280963,5.1,4.5,6.5
9.1,5.1,32.75840799633368,112.7625,1.5544642857142856,44.03465799633368,4.9,4.0,5.1
8.1,4.9,24.606606795980444,188.1125,1.5591666666666666,43.41785679598044,4.2,3.9,4.9
5.9,4.2,34.27000715128292,83.7,1.540625,42.640007151282916,2.0,3.3,4.2
6.3,2.0,10.030905467925141,21.025000000000002,1.511029411764706,12.133405467925142,4.4,1.9,2.0
9.3,4.4,61.987153811524095,79.3,1.5222222222222224,69.91715381152409,2.7,5.5,4.4
9.3,2.7,31.41674818699509,29.287499999999998,1.5210526315789472,34.34549818699509,4.4,3.9,2.7
12.5,4.4,51.723333410520176,144.1,1.550625,66.13333341052018,7.4,4.6,4.4
7.8,7.4,20.451404841746726,212.875,1.567261904761905,41.73890484174673,4.3,3.1,7.4
10.5,4.3,54.0885081520757,43.212500000000006,1.5801136363636363,58.409758152075696,4.7,4.5,4.3
10.0,4.7,49.45400879926467,116.53750000000002,1.591304347826087,61.10775879926467,4.8,4.3,4.7
11.0,4.8,48.06070305240598,167.85,1.6072916666666668,64.84570305240598,6.0,4.5,4.8
8.9,6.0,23.919370870339957,119.25000000000001,1.6175000000000002,35.84437087033996,5.6,3.0,6.0
9.1,5.6,27.596491868175864,153.32500000000002,1.6259615384615382,42.92899186817587,5.9,2.9,5.6
8.1,5.9,30.87326959087576,140.9875,1.6305555555555558,44.97201959087576,4.0,3.8,5.9
9.6,4.0,40.972531389669655,74.45,1.6330357142857141,48.417531389669655,4.2,4.0,4.0
10.8,4.2,43.59229436263453,59.025000000000006,1.6413793103448278,49.494794362634536,5.8,4.4,4.2
6.5,5.8,15.762766828729468,178.40000000000003,1.6379166666666667,33.60276682872947,4.8,1.6,5.8
7.8,4.8,25.800155298559517,117.60000000000001,1.6358870967741936,37.56015529855952,4.4,2.5,4.8
7.7,4.4,24.002417343473088,68.95,1.63203125,30.897417343473087,4.8,2.6,4.4
6.7,4.8,16.962613059974604,144.975,1.6261363636363637,31.460113059974603,3.5,2.8,4.8
7.1,3.5,17.126012021477123,49.1875,1.6172794117647058,22.044762021477123,3.8,3.0,3.5
11.7,3.8,52.81746179261852,135.10000000000002,1.6264285714285716,66.32746179261852,7.0,4.0,3.8
8.3,7.0,34.658635293246725,175.7,1.634375,52.228635293246725,4.0,3.4,7.0
7.3,4.0,18.551317743595785,77.075,1.6283783783783783,26.258817743595785,4.4,2.7,4.0
10.6,4.4,39.486260167608386,117.70000000000003,1.6348684210526314,51.25626016760839,6.5,3.6,4.4
9.4,6.5,41.696117361699066,134.4625,1.6439102564102566,55.142367361699065,4.8,4.2,6.5
9.6,4.8,40.705714888787035,128.625,1.6478125,53.56821488878704,5.6,3.4,4.8
7.0,5.6,43.052054117540415,95.5,1.6460365853658536,52.60205411754042,1.3,4.8,5.6
9.3,1.3,14.957160321338822,27.4625,1.638392857142857,17.703410321338822,7.2,1.6,1.3
8.7,7.2,38.46857146967374,191.47500000000002,1.646511627906977,57.61607146967374,4.2,3.8,7.2
9.6,4.2,59.62016895219491,75.825,1.6482954545454542,67.20266895219491,3.7,4.9,4.2
8.9,3.7,3.8689428705539473,72.9125,1.646666666666667,11.160192870553947,7.5,0.5,3.7
8.0,7.5,47.72428130698267,159.1875,1.6529891304347828,63.64303130698267,2.6,5.0,7.5
10.3,2.6,35.92682052617578,27.325,1.652127659574468,38.65932052617578,6.4,3.0,2.6
10.0,6.4,47.764243399859915,138.95000000000002,1.6604166666666669,61.65924339985992,5.0,4.5,6.4
9.0,5.0,23.43853982475741,169.75,1.6622448979591837,40.41353982475741,5.9,2.8,5.0
8.8,5.9,48.24977354377149,109.4875,1.6657499999999998,59.198523543771486,3.0,4.9,5.9
8.8,3.0,50.86032445701502,42.6,1.6620098039215687,55.120324457015016,3.4,5.3,3.0
6.3,3.4,14.943886417498703,60.05000000000001,1.6533653846153846,20.948886417498706,4.1,2.1,3.4
6.6,4.1,22.757165115674628,52.33749999999999,1.6474056603773584,27.99091511567463,3.2,3.4,4.1
6.2,3.2,30.02711210594609,53.2,1.6386574074074072,35.347112105946096,2.1,3.7,3.2
9.3,2.1,14.238185542120984,19.762500000000003,1.6347727272727273,16.214435542120984,6.5,2.8,2.1
9.1,6.5,56.28906349398807,157.93749999999997,1.6404017857142859,72.08281349398807,2.4,5.7,6.5
7.6,2.4,18.35155676812674,51.3,1.6335526315789473,23.48155676812674,4.5,3.1,2.4
7.8,4.5,39.92508757469021,64.68750000000001,1.6318965517241382,46.39383757469021,4.0,3.6,4.5
6.5,4.0,13.495668416283973,70.7,1.6264830508474577,20.565668416283973,4.9,1.4,4.0
8.0,4.9,35.2517463111045,78.31250000000001,1.62625,43.0829963111045,3.4,3.8,4.9
10.6,3.4,15.566996030469507,62.9,1.6282786885245901,21.856996030469507,8.2,2.4,3.4
7.2,8.2,54.64698417739026,223.09999999999994,1.6330645161290325,76.95698417739025,1.2,5.4,8.2
9.9,1.2,16.175874429520935,12.6,1.6291666666666669,17.435874429520936,8.2,1.5,1.2
6.2,8.2,19.282648357139276,168.95,1.6318359375,36.177648357139276,3.5,2.2,8.2
11.3,3.5,30.73331090230636,92.2375,1.6351923076923076,39.95706090230636,6.8,3.3,3.5
8.9,6.8,42.242014004931846,161.72500000000002,1.6401515151515151,58.414514004931846,3.8,3.8,6.8
11.5,3.8,28.57696276141649,54.1,1.6442164179104477,33.98696276141649,7.9,3.1,3.8
9.0,7.9,25.006032032133728,257.93750000000006,1.6511029411764706,50.799782032133734,5.4,2.9,7.9
8.6,5.4,41.76122959814625,112.72500000000001,1.6525362318840582,53.03372959814625,4.5,3.7,5.4
7.9,4.5,27.30139328368063,58.9125,1.6510714285714285,33.19264328368063,4.2,2.8,4.5
6.5,4.2,9.601172906176615,53.550000000000004,1.6466549295774648,14.956172906176615,4.4,1.8,4.2
11.9,4.4,69.85303126070491,105.85,1.6520833333333336,80.43803126070492,3.7,6.2,4.4
7.9,3.7,31.96399601471051,72.5375,1.6493150684931508,39.217746014710514,4.4,3.2,3.7
9.8,4.4,58.477487726315324,68.35000000000001,1.6510135135135133,65.31248772631533,3.8,5.3,4.4
10.6,3.8,23.05572030010721,68.27499999999999,1.653,29.88322030010721,7.6,2.6,3.8
8.7,7.6,32.89620973855258,177.65000000000003,1.6580592105263157,50.661209738552586,4.4,3.8,7.6
5.8,4.4,18.815864940819377,70.675,1.6530844155844158,25.883364940819376,3.9,1.9,4.4
6.1,3.9,30.598484510999533,44.887499999999996,1.6479166666666667,35.08723451099954,2.2,3.7,3.9
5.2,2.2,3.024683403737772,43.85,1.6387658227848103,7.409683403737773,3.8,1.4,2.2
8.9,3.8,47.22557426901345,23.724999999999998,1.638125,49.59807426901345,3.5,4.7,3.8
9.2,3.5,12.429495510898942,77.16250000000001,1.6375,20.145745510898944,8.1,1.1,3.5
9.0,8.1,52.11874680850629,161.7375,1.6435975609756095,68.29249680850629,2.9,5.1,8.1
10.9,2.9,44.855041156624765,38.387499999999996,1.644578313253012,48.69379115662476,6.2,3.8,2.9
9.7,6.2,43.11904914320884,114.40000000000003,1.6486607142857141,54.559049143208846,4.4,4.4,6.2
10.4,4.4,46.12107978741766,72.10000000000001,1.651029411764706,53.331079787417664,4.6,4.5,4.4
9.5,4.6,32.40544599673454,105.20000000000003,1.6523255813953486,42.925445996734545,6.2,3.0,4.6
10.1,6.2,60.811584429729045,108.925,1.6567528735632184,71.70408442972905,3.9,5.5,6.2
10.3,3.9,33.55443347029539,74.36250000000001,1.658096590909091,40.990683470295394,7.3,2.3,3.9
9.9,7.3,51.1507037014253,181.66250000000002,1.663623595505618,69.3169537014253,4.0,4.6,7.3
8.6,4.0,26.682336673609342,93.12500000000001,1.662638888888889,35.99483667360934,6.0,2.5,4.0
8.8,6.0,44.16944551420463,106.2,1.6646978021978023,54.78944551420463,4.5,3.9,6.0
9.7,4.5,35.378468621512134,77.51249999999999,1.6658967391304347,43.12971862151213,5.6,3.9,4.5
7.8,5.6,39.09088051854804,105.77500000000002,1.665994623655914,49.66838051854804,2.9,4.1,5.6
10.2,2.9,39.84844853773007,61.112500000000004,1.665691489361702,45.95969853773007,6.3,3.2,2.9
8.5,6.3,43.081850341716496,120.71249999999999,1.6676315789473684,55.153100341716495,3.6,4.1,6.3
8.9,3.6,32.709419061293175,55.57500000000001,1.6665364583333335,38.26691906129318,4.4,4.3,3.6
5.9,4.4,14.274694855715596,123.17500000000001,1.6626288659793815,26.592194855715597,4.2,1.7,4.4
5.3,4.2,34.564800514972084,61.95,1.657780612244898,40.759800514972085,1.1,4.1,4.2
9.8,1.1,17.543253044542553,4.262499999999999,1.65479797979798,17.969503044542552,7.9,1.6,1.1
10.6,7.9,78.25482478063692,191.48749999999998,1.661375,97.40357478063692,2.9,6.9,7.9
6.1,2.9,2.8655240968709683,76.48750000000001,1.6560643564356436,10.51427409687097,5.0,1.1,2.9
8.0,5.0,50.41334291664117,52.37500000000001,1.6557598039215686,55.65084291664117,2.9,4.3,5.0
8.4,2.9,12.414812054667236,76.48750000000001,1.6533980582524272,20.063562054667237,6.2,2.2,2.9
6.6,6.2,20.84755997090943,112.60000000000001,1.6528846153846153,32.107559970909435,3.4,2.8,6.2
7.7,3.4,14.953787644660322,80.225,1.6503571428571426,22.97628764466032,5.7,1.6,3.4
8.8,5.7,46.86606507651406,105.7125,1.6518867924528302,57.43731507651406,3.6,4.2,5.7
9.7,3.6,30.273110033151678,55.800000000000004,1.651985981308411,35.85311003315168,7.6,1.9,3.6
7.4,7.6,34.7239034289102,139.475,1.654050925925926,48.671403428910196,3.4,3.4,7.6
8.6,3.4,18.668242478942805,54.425,1.652637614678899,24.110742478942804,6.1,2.3,3.4
7.2,6.1,42.30958647731246,138.0125,1.6527272727272728,56.11083647731246,2.5,4.1,6.1
8.4,2.5,21.845455793983245,37.4375,1.6501126126126124,25.589205793983247,5.6,2.8,2.5
7.1,5.6,38.786940913872854,104.65000000000002,1.6495535714285716,49.25194091387286,2.5,4.2,5.6
11.3,2.5,27.179876251753214,40.06250000000001,1.650221238938053,31.186126251753215,8.4,2.4,2.5
8.1,8.4,58.344009455750665,185.325,1.6538377192982456,76.87650945575066,1.2,5.6,8.4
9.3,1.2,16.761941880097567,7.200000000000001,1.6508695652173917,17.481941880097565,7.7,1.5,1.2
8.8,7.7,31.677284200659045,160.0375,1.654418103448276,47.68103420065904,5.0,3.6,7.7
5.5,5.0,25.53179449294134,114.62500000000001,1.6514957264957264,36.99429449294134,2.4,3.0,5.0
9.3,2.4,28.941100739347142,34.199999999999996,1.6498940677966096,32.361100739347144,6.4,2.6,2.4
9.4,6.4,43.331230650439196,155.3,1.652626050420168,58.8612306504392,4.1,4.3,6.4
6.7,4.1,18.741345258247048,76.6375,1.6501041666666665,26.405095258247048,4.1,2.6,4.1
10.5,4.1,29.340399397180338,98.76249999999999,1.6515495867768597,39.21664939718033,8.1,2.4,4.1
7.6,8.1,49.78984895125805,177.48749999999998,1.6540983606557376,67.53859895125805,1.3,5.0,8.1
11.3,1.3,31.429513424460236,3.8375,1.6534552845528456,31.813263424460235,8.9,2.0,1.3
8.2,8.9,59.57088552772692,202.26250000000002,1.657358870967742,79.79713552772692,1.9,5.8,8.9
9.6,1.9,20.461336274696873,13.737499999999999,1.6556000000000002,21.835086274696874,7.2,2.4,1.9
8.2,7.2,50.46656811276199,126.00000000000001,1.6577380952380953,63.06656811276199,3.2,4.5,7.2
7.7,3.2,36.19928123047843,79.00000000000001,1.6554133858267719,44.099281230478425,3.6,3.9,3.2
9.6,3.6,20.967735998830456,58.49999999999999,1.65537109375,26.817735998830457,7.0,2.0,3.6
9.6,7.0,71.70373948098334,152.0,1.658624031007752,86.90373948098335,2.4,6.0,7.0
12.1,2.4,41.12336186991378,31.724999999999998,1.6598076923076923,44.29586186991378,7.7,3.5,2.4
10.2,7.7,53.89509691104437,187.86249999999998,1.6642175572519082,72.68134691104437,4.3,5.2,7.7
8.1,4.3,7.854268847103287,174.4625,1.6633522727272727,25.30051884710329,7.0,1.1,4.3
8.0,7.0,45.662929541685905,133.10000000000002,1.6649436090225564,58.97292954168591,2.8,4.5,7.0
6.7,2.8,9.257360051677438,31.4,1.6613805970149254,12.397360051677438,4.7,2.0,2.8
7.8,4.7,14.617050944888266,96.5125,1.6606481481481485,24.268300944888267,5.4,2.2,4.7
7.3,5.4,13.11408389153945,122.17500000000001,1.660110294117647,25.331583891539452,4.6,2.7,5.4
7.8,4.6,39.353418995530966,93.275,1.659306569343066,48.680918995530966,3.6,3.6,4.6
12.0,3.6,33.08528117251056,49.87500000000001,1.661413043478261,38.07278117251056,8.6,3.2,3.6
10.4,8.6,55.16012865672574,263.57500000000005,1.6665467625899282,81.51762865672575,4.3,5.0,8.6
9.4,4.3,31.93770241792854,105.61250000000001,1.6668750000000003,42.49895241792854,6.0,3.3,4.3
6.7,6.0,30.125197361236854,121.12500000000001,1.6663120567375889,42.237697361236854,3.0,3.7,6.0
12.0,3.0,40.344123332657816,30.15,1.667781690140845,43.359123332657816,7.7,3.4,3.0
6.6,7.7,22.328028590487843,170.08749999999998,1.668618881118881,39.33677859048784,3.7,2.5,7.7
9.2,3.7,39.571174487066315,84.3875,1.6682291666666669,48.009924487066314,5.0,3.7,3.7
9.1,5.0,44.66508140855101,129.7,1.6688793103448276,57.63508140855101,4.3,4.1,5.0
8.2,4.3,33.38254804741324,68.41250000000001,1.668150684931507,40.22379804741324,4.2,3.8,4.3
8.3,4.2,37.900744728242124,59.85,1.6674319727891156,43.88574472824212,4.2,3.3,4.2
11.0,4.2,35.117081789292484,62.475000000000016,1.6690033783783782,41.36458178929249,6.6,3.7,4.2
9.5,6.6,41.750686078320555,160.575,1.6713087248322147,57.80818607832056,4.5,4.1,6.6
9.2,4.5,12.540445269587918,87.93749999999999,1.6715833333333332,21.334195269587916,6.8,2.4,4.5
7.9,6.8,50.94339600579718,186.85000000000002,1.672682119205298,69.62839600579719,2.6,4.6,6.8
10.4,2.6,17.085517349080167,37.0,1.6723684210526315,20.785517349080166,8.7,1.7,2.6
7.1,8.7,50.94282536083594,176.88750000000002,1.6743464052287582,68.63157536083594,1.6,4.7,8.7
10.5,1.6,17.02454483702041,13.4,1.6732954545454546,18.36454483702041,8.9,1.4,1.6
11.2,8.9,65.77223597391358,157.71250000000003,1.6787096774193546,81.54348597391359,4.6,5.7,8.9
8.8,4.6,37.07474547506659,137.9,1.6786858974358974,50.86474547506659,4.6,3.9,4.6
8.3,4.6,21.88511837449708,93.95,1.678264331210191,31.28011837449708,5.1,2.7,4.6
8.3,5.1,31.171861925821077,115.0125,1.6782436708860762,42.673111925821075,4.4,3.3,5.1
7.5,4.4,15.516818924565015,73.675,1.6770440251572327,22.884318924565015,4.7,2.2,4.4
7.7,4.7,16.286330904680874,75.13750000000002,1.67625,23.800080904680875,4.6,2.6,4.7
10.7,4.6,42.036804884901535,94.17500000000001,1.677717391304348,51.45430488490154,6.9,3.7,4.6
7.9,6.9,51.917394391760496,156.0375,1.678780864197531,67.5211443917605,1.8,5.2,6.9
9.9,1.8,28.900823908534477,34.5,1.6774539877300612,32.35082390853448,6.5,2.8,1.8
9.1,6.5,38.95230485849733,188.6875,1.6791158536585367,57.821054858497334,4.4,3.8,6.5
10.5,4.4,33.04827888010826,68.19999999999999,1.6802272727272727,39.868278880108264,6.9,3.3,4.4
8.2,6.9,38.194266314729255,237.0375,1.681475903614458,61.898016314729254,4.3,3.4,6.9
9.4,4.3,50.503216584293554,66.61250000000001,1.6816616766467063,57.16446658429356,4.1,4.6,4.3
10.5,4.1,53.30207364683801,51.5125,1.682514880952381,58.453323646838015,5.0,4.6,4.1
7.4,5.0,39.59448537483049,96.625,1.6817307692307693,49.25698537483049,2.9,3.9,5.0
7.7,2.9,7.505293845048107,59.16250000000001,1.6796323529411765,13.42154384504811,5.9,1.8,2.9
5.2,5.9,23.93783871638844,122.3875,1.6779239766081873,36.176588716388444,2.0,3.0,5.9
7.1,2.0,35.25250235758027,6.175,1.674781976744186,35.87000235758027,3.2,3.4,2.0
7.4,3.2,35.08201345241996,40.6,1.6727601156069363,39.14201345241996,3.5,3.4,3.2
10.1,3.5,29.46622168271526,54.81250000000001,1.6729166666666668,34.94747168271526,6.8,2.5,3.5
7.4,6.8,41.992847726273915,128.8,1.6735000000000002,54.87284772627392,2.3,4.5,6.8
8.9,2.3,11.945509207946182,55.4875,1.6719460227272727,17.494259207946182,6.8,2.1,2.3
5.2,6.8,29.795045800825843,133.6,1.6709745762711865,43.155045800825846,1.3,3.4,6.8
7.7,1.3,5.450844738434495,27.4625,1.6679073033707865,8.197094738434494,6.3,1.4,1.3
6.6,6.3,47.31607797696461,116.28750000000001,1.6675977653631286,58.94482797696461,1.3,5.0,6.3
7.2,1.3,15.1962749007777,27.4625,1.664236111111111,17.9425249007777,5.3,1.6,1.3
10.0,5.3,37.19085882546964,79.1875,1.6656077348066298,45.10960882546964,5.9,3.9,5.3
6.9,5.9,25.29921977529842,171.43750000000003,1.6652472527472526,42.44296977529842,4.0,2.3,5.9
9.0,4.0,22.240490960643022,45.574999999999996,1.6650273224043712,26.797990960643023,5.3,3.5,4.0
9.1,5.3,20.510431607073123,147.28750000000002,1.6657608695652175,35.23918160707313,6.4,2.2,5.3
8.1,6.4,29.187917522328494,151.175,1.666554054054054,44.3054175223285,4.8,3.2,6.4
7.9,4.8,37.9043514092703,124.42500000000001,1.6661290322580649,50.3468514092703,2.5,4.8,4.8
8.3,2.5,26.749927135286633,21.912499999999998,1.664438502673797,28.941177135286633,5.0,2.6,2.5
8.6,5.0,48.51339162594044,87.85000000000001,1.664627659574468,57.29839162594045,3.0,4.5,5.0
7.5,3.0,20.23257487470128,37.35,1.6627645502645503,23.96757487470128,4.9,2.4,3.0
10.4,4.9,65.50406411573873,96.38750000000002,1.6640789473684212,75.14281411573873,3.5,5.6,4.9
9.7,3.5,26.995616361671775,80.23750000000001,1.6640052356020942,35.01936636167178,6.6,2.4,3.5
9.6,6.6,41.59575911038674,135.9,1.6658854166666668,55.18575911038674,4.4,4.3,6.6
8.1,4.4,18.557001572117663,136.67500000000004,1.6653497409326428,32.22450157211767,6.1,2.0,4.4
9.2,6.1,43.43009086784557,173.48749999999998,1.6666237113402063,60.778840867845574,4.4,4.8,6.1
10.5,4.4,35.06957307545417,118.67500000000001,1.6676282051282052,46.93707307545417,6.7,3.4,4.4
8.0,6.7,35.97105889891777,120.3875,1.6684948979591838,48.00980889891777,3.7,3.7,6.7
7.0,3.7,13.955138398008247,79.2875,1.6668147208121826,21.883888398008246,4.7,2.3,3.7
8.3,4.7,18.270045781666553,103.26250000000002,1.6666035353535353,28.596295781666555,5.6,2.7,4.7
9.8,5.6,30.230660372471768,96.4,1.6679020100502513,39.87066037247177,5.8,3.4,5.6
7.2,5.8,14.788162560244924,115.775,1.6676875,26.365662560244925,4.9,2.3,5.8
7.5,4.9,30.145564939321588,143.1875,1.6671019900497512,44.46431493932159,3.8,3.5,4.9
7.8,3.8,4.587686935588986,86.275,1.6660272277227723,13.215186935588989,6.9,0.9,3.8
5.9,6.9,44.44225355756268,100.46249999999999,1.6657019704433498,54.48850355756268,0.4,4.5,6.9
12.6,0.4,36.79213954813035,0.8000000000000002,1.665502450980392,36.87213954813035,11.6,1.0,0.4
7.3,11.6,53.25285779495154,293.65,1.66890243902439,82.61785779495153,0.7,5.3,11.6
13.0,0.7,32.85806885021409,4.2875000000000005,1.669114077669903,33.28681885021409,9.5,2.6,0.7
7.3,9.5,31.04958785006252,234.3625,1.6711956521739129,54.485837850062524,3.4,3.4,9.5
8.1,3.4,20.223680878066112,85.17500000000001,1.6700721153846154,28.741180878066114,5.5,2.3,3.4
5.8,5.5,2.6916438433728005,118.43750000000001,1.66883971291866,14.535393843372802,4.4,1.4,5.5
6.7,4.4,16.00154233028353,69.55,1.6674999999999998,22.956542330283533,4.6,2.1,4.4
5.1,4.6,29.444483686936156,69.05,1.6653436018957346,36.34948368693615,1.6,3.4,4.6
7.4,1.6,2.8167127546073423,17.075,1.6627948113207545,4.524212754607342,6.3,1.1,1.6
8.3,6.3,22.349651761300326,107.36249999999998,1.6635563380281693,33.08590176130032,4.2,3.6,6.3
9.0,4.2,16.726760877277453,103.95,1.6634929906542055,27.121760877277453,7.1,1.7,4.2
8.0,7.1,36.58341356151724,119.9875,1.6645348837209302,48.58216356151724,4.0,3.5,7.1
8.0,4.0,13.158415057813356,72.125,1.6637731481481481,20.370915057813356,5.5,2.5,4.0
7.0,5.5,22.306932034069696,107.78750000000001,1.6633064516129035,33.0856820340697,3.8,2.9,5.5
5.8,3.8,16.55281577055892,72.92500000000001,1.6611811926605504,23.84531577055892,3.3,2.5,3.8
7.7,3.3,28.473276108520313,46.4625,1.6598744292237442,33.11952610852031,4.7,2.7,3.3
11.0,4.7,60.19026721423677,52.41250000000001,1.6612500000000001,65.43151721423678,5.1,5.0,4.7
11.1,5.1,29.458393162994923,113.06250000000001,1.66289592760181,40.76464316299493,7.8,2.6,5.1
8.1,7.8,23.579048118165424,179.02499999999998,1.664358108108108,41.48154811816542,4.7,3.4,7.8
7.0,4.7,13.697962611429249,95.5375,1.663452914798206,23.251712611429248,5.4,1.6,4.7
8.0,5.4,28.06797812669161,90.9,1.6635044642857142,37.15797812669161,4.3,2.9,5.4
8.3,4.3,39.57501883919704,81.08750000000002,1.6631111111111114,47.68376883919704,3.9,3.7,4.3
9.3,3.9,23.89827890895795,62.36250000000001,1.663053097345133,30.13452890895795,5.9,3.4,3.9
6.7,5.9,17.265957496682855,163.03750000000002,1.6626651982378857,33.56970749668286,4.0,2.5,5.9
9.3,4.0,22.232475006106817,72.80000000000001,1.6626644736842107,29.51247500610682,7.2,2.0,4.0
8.0,7.2,37.20272455877408,123.975,1.6637008733624452,49.60022455877408,3.4,4.5,7.2
6.5,3.4,1.5614545738933459,93.725,1.6618478260869565,10.933954573893347,5.9,0.6,3.4
8.1,5.9,38.652219422657964,86.08749999999999,1.6622294372294373,47.260969422657965,3.8,3.7,5.9
6.8,3.8,37.898974721331015,87.775,1.6607758620689654,46.67647472133102,3.3,3.3,3.8
7.0,3.3,12.652027664202594,55.46250000000001,1.6591738197424892,18.198277664202596,4.6,2.4,3.3
6.8,4.6,28.80079712072901,114.27500000000002,1.658173076923077,40.22829712072901,3.3,3.1,4.6
7.6,3.3,21.407512575046184,38.7375,1.6569148936170213,25.281262575046185,4.6,2.7,3.3
6.9,4.6,27.13984373872619,62.9,1.6559851694915253,33.42984373872619,3.2,3.3,4.6
11.1,3.2,25.82424995337787,19.224999999999998,1.6565400843881857,27.74674995337787,9.1,1.9,3.2
7.1,9.1,32.76174403474873,283.4375,1.6580882352941178,61.10549403474873,2.9,3.7,9.1
8.2,2.9,28.051747540528087,67.9375,1.6569560669456067,34.845497540528086,5.0,2.6,2.9
8.3,5.0,25.73391435976836,65.5,1.6569791666666664,32.28391435976836,4.9,3.1,5.0
6.6,4.9,19.951479906065984,111.61250000000003,1.6560684647302906,31.112729906065987,4.2,2.4,4.9
4.5,4.2,21.753334906615418,40.125,1.6537190082644628,25.765834906615417,1.7,2.7,4.2
9.0,1.7,26.5139760664902,17.0875,1.652417695473251,28.2227260664902,6.2,2.3,1.7
8.1,6.2,22.91843483103445,102.69999999999999,1.6529713114754099,33.18843483103445,5.0,3.0,6.2
5.4,5.0,14.723710847152407,123.55,1.651530612244898,27.078710847152408,3.2,2.0,5.0
6.1,3.2,12.030762720504644,37.0,1.6495426829268294,15.730762720504643,3.9,2.2,3.2
6.4,3.9,23.983345241937585,61.612500000000004,1.648076923076923,30.144595241937587,3.3,3.1,3.9
7.8,3.3,16.73100084533078,42.4875,1.6470262096774193,20.97975084533078,5.9,1.9,3.3
6.3,5.9,37.787156928156186,118.48750000000001,1.646536144578313,49.63590692815619,1.8,3.5,5.9
8.6,1.8,4.736074442780348,28.275,1.64515,7.563574442780348,7.4,1.2,1.8
7.0,7.4,34.91543674655123,160.225,1.645766932270916,50.93793674655123,2.6,3.9,7.4
9.3,2.6,28.015745610410153,41.05,1.6451388888888885,32.120745610410154,6.5,2.6,2.6
8.5,6.5,27.09286862334409,151.5625,1.6460474308300395,42.24911862334409,5.0,2.7,6.5
6.9,5.0,26.24052317014246,90.25000000000001,1.6454232283464567,35.26552317014246,3.0,3.5,5.0
8.5,3.0,34.39677483464667,33.075,1.6446078431372548,37.70427483464667,4.5,3.4,3.0
9.7,4.5,24.054294895607224,54.337500000000006,1.6451171875,29.488044895607224,6.1,3.1,4.5
9.5,6.1,63.132366025225416,123.83749999999999,1.6463035019455252,75.51611602522541,3.8,5.1,6.1
9.4,3.8,33.74520496829273,87.4,1.6463178294573644,42.485204968292734,4.8,3.6,3.8
11.3,4.8,51.579137262993676,93.75000000000001,1.6477316602316603,60.954137262993676,6.3,4.0,4.8
9.0,6.3,51.06633214228826,204.41249999999997,1.6487500000000002,71.50758214228826,3.7,4.8,6.3
4.8,3.7,1.434148706201704,48.1625,1.6465038314176244,6.250398706201704,3.7,1.1,3.7
7.3,3.7,11.306686951827016,57.6875,1.6454675572519082,17.075436951827015,4.8,2.5,3.7
7.6,4.8,28.412052693783938,82.35000000000001,1.6451045627376424,36.64705269378394,4.2,3.0,4.8
8.6,4.2,27.389451560337328,90.22500000000001,1.6449337121212122,36.41195156033733,5.2,2.5,4.2
9.8,5.2,37.44500370806029,120.27500000000002,1.6458018867924527,49.472503708060295,5.8,3.4,5.2
10.4,5.8,51.6739559231132,142.77500000000003,1.6472274436090224,65.9514559231132,5.1,4.3,5.8
9.3,5.1,22.4730669401971,140.96250000000003,1.6477996254681648,36.569316940197105,6.3,2.6,5.1
7.5,6.3,20.181155633702033,173.5875,1.6480876865671643,37.539905633702034,4.8,2.7,6.3
10.6,4.8,42.07176724988792,107.77500000000002,1.6491171003717473,52.84926724988792,6.0,3.9,4.8
9.3,6.0,28.086294027080154,159.45,1.6500925925925927,44.03129402708015,6.5,2.8,6.0
8.2,6.5,28.80029575270596,144.21250000000003,1.6507841328413282,43.221545752705964,5.0,3.0,6.5
9.4,5.0,47.173901172098525,99.92500000000001,1.6513327205882355,57.166401172098524,4.6,4.2,5.0
8.1,4.6,30.185351143914936,81.65,1.651098901098901,38.350351143914935,3.9,3.8,4.6
10.1,3.9,16.735713006087806,62.887499999999996,1.6514598540145986,23.024463006087807,7.3,2.5,3.9
9.0,7.3,31.658039252393806,211.28750000000002,1.6528636363636362,52.78678925239381,5.5,3.5,7.3
6.7,5.5,38.65906996833584,102.83750000000002,1.6524003623188406,48.94281996833585,2.0,4.0,5.5
7.5,2.0,21.170501134821198,6.999999999999999,1.6507220216606497,21.870501134821197,4.5,3.0,2.0
9.2,4.5,43.11056153955208,96.86250000000001,1.6509442446043168,52.79681153955208,4.3,4.1,4.5
11.8,4.3,36.684282402393634,65.03750000000001,1.6522401433691756,43.18803240239364,7.9,3.3,4.3
7.9,7.9,44.466970022168866,181.4375,1.653392857142857,62.61072002216886,3.1,4.7,7.9
7.0,3.1,3.650725703028435,39.6125,1.6520017793594306,7.611975703028435,6.1,0.9,3.1
6.6,6.1,38.86124645925116,82.2875,1.65177304964539,47.08999645925116,0.9,4.7,6.1
8.5,0.9,8.711780577846922,4.387500000000001,1.650088339222615,9.150530577846922,6.8,1.7,0.9
8.5,6.8,35.4530277879994,148.15000000000003,1.651012323943662,50.26802778799941,3.7,4.3,6.8
9.1,3.7,38.24595059383138,54.4625,1.6508333333333334,43.69220059383138,4.9,3.5,3.7
8.6,4.9,28.210205842454354,120.83749999999999,1.6509615384615386,40.29395584245435,5.5,2.9,4.9
6.3,5.5,26.334502930790187,121.73750000000001,1.6503484320557493,38.50825293079019,3.1,3.1,5.5
9.2,3.1,26.28595053580545,58.7375,1.649956597222222,32.15970053580545,6.4,2.1,3.1
8.3,6.4,25.107694043456913,106.10000000000001,1.6506055363321799,35.717694043456916,4.2,3.4,6.4
9.9,4.2,44.490418964216005,97.5,1.650991379310345,54.240418964216005,5.4,3.8,4.2
7.3,5.4,38.38712223760149,86.55000000000001,1.6507731958762886,47.04212223760149,3.1,3.7,5.4
9.7,3.1,39.09556259070606,68.4875,1.6505993150684932,45.94431259070606,5.1,3.6,3.1
11.3,5.1,41.72076808028513,104.8875,1.6519624573378842,52.209518080285136,6.3,3.9,5.1
9.2,6.3,29.561578048555443,151.83750000000003,1.6529336734693878,44.74532804855545,6.3,2.9,6.3
7.2,6.3,18.628551208337186,225.78750000000002,1.6530508474576273,41.207301208337185,4.5,2.5,6.3
7.6,4.5,20.458273201044317,45.712500000000006,1.6525760135135132,25.02952320104432,4.8,2.8,4.5
7.7,4.8,19.351647436551545,80.10000000000001,1.652272727272727,27.361647436551547,5.3,2.3,4.8
9.3,5.3,38.759294799051155,116.4625,1.6528523489932887,50.40554479905116,4.9,3.7,5.3
9.3,4.9,45.39558285691819,95.18749999999999,1.6532608695652176,54.914332856918186,4.2,4.7,4.9
7.9,4.2,21.142691889272776,97.125,1.6527916666666667,30.855191889272774,5.0,2.9,4.2
6.5,5.0,12.17135470906132,134.125,1.6520764119601328,25.58385470906132,4.4,2.1,5.0
6.8,4.4,29.863360707576856,51.175000000000004,1.6512417218543045,34.98086070757686,2.8,3.2,4.4
9.2,2.8,24.784091723937316,16.1,1.6507425742574255,26.394091723937315,6.0,2.9,2.8
9.6,6.0,45.02817646743154,109.80000000000001,1.6517269736842102,56.00817646743155,4.9,4.3,6.0
7.6,4.9,27.247730026378047,104.4875,1.6514344262295082,37.69648002637805,4.4,2.6,4.9
8.7,4.4,40.20083809252445,46.75,1.651388888888889,44.87583809252445,3.8,4.2,4.4
7.7,3.8,15.450060896796733,61.67500000000001,1.6506921824104233,21.617560896796736,5.7,1.8,3.8
6.9,5.7,19.200894003375794,83.8875,1.6504464285714284,27.589644003375795,4.0,2.7,5.7
9.1,4.0,38.1762183266827,67.4,1.6504045307443367,44.9162183266827,4.7,3.4,4.0
7.6,4.7,25.639419434746447,101.01250000000002,1.6500403225806455,35.74066943474645,5.2,2.3,4.7
9.2,5.2,30.2323303349384,94.4,1.6505225080385852,39.6723303349384,5.6,3.2,5.2
7.3,5.6,40.21426542410138,114.55000000000001,1.6504006410256409,51.66926542410138,3.0,3.9,5.6
6.6,3.0,7.3378349232689475,23.700000000000003,1.648961661341853,9.707834923268948,4.1,2.5,3.0
9.0,4.1,44.228804968365274,64.2625,1.648925159235669,50.65505496836528,5.0,3.8,4.1
7.6,5.0,24.651599259244094,94.075,1.6486904761904762,34.05909925924409,4.0,3.1,5.0
10.4,4.0,34.349333983000875,45.125,1.6491693037974684,38.86183398300088,6.0,4.0,4.0
7.1,6.0,26.443601714718888,210.37500000000003,1.6491324921135646,47.48110171471889,3.9,3.1,6.0
7.1,3.9,13.432207108702764,34.5375,1.6482704402515722,16.885957108702765,4.9,1.8,3.9
7.1,4.9,28.704484741837994,105.53750000000004,1.6478056426332288,39.258234741837995,3.9,3.2,4.9
7.5,3.9,41.9782111950624,57.2625,1.6471093749999999,47.7044611950624,3.4,3.7,3.9
6.6,3.4,21.059226117919348,44.9,1.645872274143302,25.549226117919346,3.2,3.4,3.4
4.3,3.2,21.89025623045896,63.324999999999996,1.643672360248447,28.22275623045896,1.9,2.2,3.2
7.4,1.9,11.698791251568423,3.9125,1.6421826625387,12.090041251568422,5.7,1.7,1.9
7.6,5.7,22.219904817227643,97.38750000000002,1.6422453703703703,31.958654817227647,4.5,3.1,5.7
8.3,4.5,32.455912884068,79.0875,1.6421153846153846,40.364662884068,4.8,3.2,4.5
9.7,4.8,29.31007030707041,75.6,1.642638036809816,36.870070307070414,6.2,2.9,4.8
7.7,6.2,23.908672094431115,198.70000000000002,1.6429281345565747,43.778672094431116,5.0,2.4,6.2
6.4,5.0,29.526225424394582,76.75,1.642263719512195,37.20122542439458,3.2,3.0,5.0
7.1,3.2,27.011615331341993,35.875,1.6411854103343466,30.59911533134199,3.5,2.9,3.2
9.4,3.5,21.27912398658161,42.06250000000001,1.641098484848485,25.48537398658161,6.3,2.9,3.5
7.3,6.3,36.044506732221805,145.46250000000003,1.6412764350453173,50.590756732221806,3.2,3.7,6.3
5.7,3.2,1.132255270766827,35.2,1.639683734939759,4.652255270766828,4.9,0.8,3.2
6.3,4.9,25.726315236695708,68.86250000000001,1.638963963963964,32.61256523669571,2.8,3.5,4.9
4.3,2.8,2.8948462853369596,55.925000000000004,1.6367140718562876,8.487346285336962,3.1,1.2,2.8
7.4,3.1,8.000003948274125,32.4125,1.6357462686567164,11.241253948274126,6.1,1.3,3.1
8.4,6.1,63.4398493889973,81.23750000000001,1.6362723214285715,71.5635993889973,1.6,5.6,6.1
10.0,1.6,19.109707989105633,15.2,1.635719584569733,20.629707989105633,7.5,2.5,1.6
7.1,7.5,39.43540918246961,183.5625,1.6362795857988168,57.791659182469616,3.1,3.5,7.5
9.1,3.1,26.28009017799263,25.362500000000004,1.6359513274336284,28.81634017799263,6.6,2.1,3.1
8.7,6.6,54.764726237716275,130.275,1.636764705882353,67.79222623771628,2.3,5.3,6.6
9.3,2.3,28.902519723375857,43.4125,1.636217008797654,33.243769723375856,5.8,2.7,2.3
11.0,5.8,51.314524638306516,121.85000000000001,1.6375730994152047,63.49952463830652,5.3,4.3,5.8
9.8,5.3,38.37081844384815,134.0875,1.6383017492711371,51.77956844384815,5.4,3.4,5.3
7.7,5.4,27.00003438220463,98.4,1.6382994186046513,36.84003438220463,4.6,2.9,5.4
10.4,4.6,34.39917280867417,80.0,1.6389855072463768,42.39917280867417,6.4,3.5,4.6
7.0,6.4,14.860087176393879,148.85000000000002,1.6390895953757223,29.74508717639388,4.3,2.1,6.4
9.8,4.3,38.05399931540613,64.8125,1.6394452449567722,44.53524931540613,5.0,3.6,4.3
9.3,5.0,15.264818868851169,121.97499999999998,1.6398706896551727,27.462318868851167,7.1,2.2,5.0
7.2,7.1,27.12412679305957,166.4875,1.6402936962750716,43.772876793059574,3.6,3.0,7.1
7.6,3.6,6.297591302880348,69.525,1.6396071428571428,13.25009130288035,5.7,1.9,3.6
6.8,5.7,20.6791592030817,124.98750000000001,1.6393874643874642,33.1779092030817,4.1,2.5,5.7
8.3,4.1,40.168742840353254,63.96250000000001,1.639133522727273,46.564992840353256,3.4,4.2,4.1
9.9,3.4,32.0354042266487,72.125,1.6391997167138812,39.2479042266487,6.1,2.9,3.4
9.3,6.1,33.38386892867493,85.3625,1.6400070621468927,41.92011892867493,4.8,3.5,6.1
8.4,4.8,4.697352845188056,162.89999999999998,1.6400352112676058,20.987352845188056,7.4,1.0,4.8
5.5,7.4,34.58498792698685,195.10000000000002,1.6399578651685391,54.09498792698685,1.5,3.7,7.4
7.1,1.5,18.02751290721776,27.5625,1.6383753501400562,20.78376290721776,4.9,2.2,1.5
7.5,4.9,22.229752068851585,81.4625,1.6381284916201118,30.376002068851584,4.1,3.4,4.9
10.1,4.1,47.326999804794674,72.88750000000002,1.6385097493036214,54.615749804794675,5.2,4.1,4.1
10.4,5.2,24.20702255891101,90.35,1.6393749999999998,33.24202255891101,7.4,2.4,5.2
6.0,7.4,28.268170224822008,185.05,1.6394736842105264,46.77317022482201,2.5,3.4,7.4
7.4,2.5,8.192997302720812,49.0625,1.6383632596685083,13.099247302720812,5.7,1.7,2.5
8.1,5.7,34.07991815089528,100.08749999999999,1.6386019283746556,44.08866815089528,3.6,4.0,5.7
8.5,3.6,16.027145741940007,76.2,1.6382554945054946,23.647145741940008,6.1,2.2,3.6
8.9,6.1,33.1573850081605,93.83749999999999,1.6389041095890413,42.5411350081605,4.7,3.9,6.1
8.9,4.7,16.384214853259802,121.0375,1.639071038251366,28.487964853259804,6.8,1.7,4.7
9.5,6.8,31.301699750233833,169.67499999999998,1.640156675749319,48.26919975023383,6.1,3.4,6.8
8.1,6.1,36.03993530765716,171.8375,1.6405230978260867,53.22368530765716,4.1,3.6,6.1
8.7,4.1,20.012061221215326,48.137499999999996,1.6404132791327914,24.825811221215325,5.8,2.9,4.1
7.5,5.8,40.464020013377215,116.525,1.640472972972973,52.11652001337722,2.7,3.9,5.8
9.9,2.7,29.176073421171978,26.887500000000003,1.6402964959568735,31.864823421171977,6.5,2.8,2.7
8.1,6.5,40.37997816922011,127.93749999999999,1.6407930107526885,53.17372816922011,3.5,4.1,6.5
9.2,3.5,29.25235703165672,47.16250000000001,1.6406501340482573,33.968607031656724,6.2,2.8,3.5
6.2,6.2,35.41727752932542,116.5,1.640407754010695,47.067277529325416,1.5,4.3,6.2
9.6,1.5,26.67946728982805,3.2625000000000006,1.6397333333333333,27.005717289828052,6.7,2.6,1.5
8.7,6.7,35.81491464292416,144.46250000000003,1.6404920212765959,50.261164642924165,3.7,3.9,6.7
10.3,3.7,21.869755737693723,51.5375,1.6407824933687003,27.023505737693725,7.2,2.6,3.7
7.8,7.2,36.228351335822644,208.04999999999998,1.6414021164021164,57.033351335822644,3.4,3.7,7.2
8.6,3.4,17.430706298170154,70.17500000000001,1.6410290237467016,24.448206298170156,6.2,2.1,3.4
8.2,6.2,27.362397317842724,128.125,1.6414473684210527,40.17489731784272,3.8,3.9,6.2
9.0,3.8,22.91610438463078,100.89999999999999,1.6413385826771651,33.00610438463078,6.4,2.2,3.8
9.1,6.4,62.718276188740916,77.825,1.6421138743455497,70.50077618874091,2.9,5.1,6.4
9.7,2.9,26.022544310273037,49.862500000000004,1.64193864229765,31.00879431027304,7.6,2.1,2.9
9.6,7.6,67.5469836158713,156.27499999999998,1.64326171875,83.1744836158713,3.0,6.0,7.6
7.5,3.0,23.04836228101593,59.775,1.6424025974025973,29.02586228101593,4.5,3.0,3.0
11.0,4.5,37.59187191818971,107.36250000000003,1.643167098445596,48.328121918189716,6.2,3.8,4.5
10.5,6.2,33.54661987373837,131.275,1.644315245478036,46.67411987373838,6.0,4.0,6.2
7.2,6.0,18.171101597229722,187.875,1.6443298969072166,36.95860159722972,4.3,2.6,6.0
7.8,4.3,14.590802125150454,129.4625,1.643991002570694,27.537052125150453,5.8,2.0,4.3
9.6,5.8,55.01237381828115,115.55,1.6447115384615383,66.56737381828114,3.6,4.9,5.8
10.8,3.6,27.300833770354803,60.74999999999999,1.645108695652174,33.3758337703548,7.9,2.5,3.6
7.2,7.9,24.609418240817458,180.2375,1.6457270408163267,42.63316824081746,3.4,3.3,7.9
5.1,3.4,3.2834927407051917,43.775,1.6442430025445294,7.660992740705192,3.8,1.3,3.4
4.9,3.8,29.64535876848531,28.9,1.6428299492385787,32.53535876848531,1.1,3.2,3.8
7.9,1.1,8.61067791396827,1.8624999999999998,1.641518987341772,8.79692791396827,6.1,1.8,1.1
8.2,6.1,42.91270109773059,88.06250000000001,1.6418876262626263,51.718951097730596,3.4,4.7,6.1
9.1,3.4,26.474437873845858,53.97500000000001,1.6416876574307306,31.87193787384586,5.8,2.8,3.4
10.0,5.8,62.72647438341404,93.12500000000001,1.6425251256281406,72.03897438341404,2.7,5.3,5.8
9.4,2.7,7.157006918156629,49.16250000000001,1.6421992481203005,12.07325691815663,8.3,1.1,2.7
7.0,8.3,54.825,150.36249999999998,1.6428749999999996,69.86125,0.0,6.6,8.3
9.1,0.0,6.743787842150327,0.0,1.6416147132169576,6.743787842150327,8.2,0.9,0.0
9.4,8.2,63.529168448257046,126.2,1.6430037313432837,76.14916844825704,1.9,6.3,8.2
8.1,1.9,5.65316026493779,35.862500000000004,1.642028535980149,9.23941026493779,6.6,1.5,1.9
7.7,6.6,33.28344970323628,159.15000000000003,1.6423886138613863,49.198449703236285,3.8,3.8,6.6
7.9,3.8,44.193905174827904,42.62500000000001,1.6419444444444444,48.45640517482791,3.0,4.8,3.8
8.7,3.0,27.700416765077602,38.25,1.6415024630541872,31.5254167650776,5.4,2.8,3.0
8.7,5.4,43.47484648741728,74.175,1.6417997542997544,50.892346487417285,3.8,4.3,5.4
8.6,3.8,29.887898714040645,74.57500000000002,1.6415747549019606,37.34539871404065,5.1,3.1,3.8
10.9,5.1,52.82058413413141,52.6125,1.6424511002444988,58.08183413413141,4.4,4.9,5.1
12.6,4.4,42.615176542828856,96.17500000000001,1.643628048780488,52.232676542828855,7.5,3.9,4.4
11.1,7.5,34.495381739613535,232.2375,1.6452858880778591,57.71913173961354,7.1,3.4,7.5
8.0,7.1,50.13403820098514,203.38750000000002,1.6458737864077668,70.47278820098515,3.3,4.2,7.1
8.3,3.3,29.89246420990675,30.7125,1.6453995157384989,32.96371420990675,4.7,3.3,3.3
8.3,4.7,33.142907246694705,63.5875,1.6453502415458936,39.501657246694705,4.1,3.9,4.7
11.2,4.1,39.3851851941719,106.6375,1.6459939759036142,50.048935194171904,7.1,3.6,4.1
8.3,7.1,40.90314062806039,157.71249999999998,1.6466646634615383,56.674390628060394,3.4,4.3,7.1
6.9,3.4,18.847483385839244,107.975,1.6458033573141484,29.644983385839243,4.1,2.8,3.4
9.4,4.1,27.328590829370697,72.88750000000002,1.645903110047847,34.6173408293707,6.0,2.6,4.1
8.1,6.0,38.13340071884899,93.975,1.6461813842482098,47.53090071884899,3.7,4.4,6.0
6.8,3.7,13.814024756710117,108.0125,1.6453869047619047,24.615274756710118,4.9,1.7,3.7
9.1,4.9,32.84258317326283,72.53750000000001,1.6456353919239906,40.096333173262835,5.0,3.6,4.9
10.0,5.0,38.84121369135958,103.07500000000003,1.6461789099526065,49.14871369135958,5.6,3.6,5.0
9.9,5.6,47.663861100432555,130.29999999999998,1.646867612293144,60.69386110043256,4.8,4.4,5.6
7.6,4.8,32.3000823716801,102.6,1.6466391509433962,42.560082371680096,3.6,3.3,4.8
10.6,3.6,33.70991347417823,86.17500000000003,1.6469411764705881,42.32741347417823,7.2,3.2,3.6
8.4,7.2,45.49743521379831,163.20000000000002,1.6476525821596244,61.81743521379832,3.3,4.7,7.2
11.6,3.3,27.964953727114814,44.5875,1.6481557377049179,32.42370372711481,8.1,3.0,3.3
11.8,8.1,72.08111822534143,228.2625,1.6501168224299065,94.90736822534143,4.4,6.1,8.1
12.0,4.4,23.01873638634038,151.3,1.651048951048951,38.14873638634038,10.3,1.2,4.4
5.7,10.3,34.43572274627727,352.3625,1.651860465116279,69.67197274627728,1.7,3.4,10.3
8.3,1.7,15.751743904815516,10.787500000000001,1.6509280742459396,16.830493904815516,6.7,1.4,1.7
10.6,6.7,71.78538405867319,130.81250000000003,1.6521122685185183,84.86663405867318,3.3,6.4,6.7
9.7,3.3,39.52964191911386,55.462500000000006,1.6520496535796767,45.07589191911386,5.7,3.1,3.3
10.1,5.7,40.448856065350625,136.83750000000003,1.6527937788018434,54.13260606535063,5.2,4.1,5.7
8.9,5.2,23.32363443261654,96.19999999999999,1.6530459770114945,32.94363443261654,5.8,2.8,5.2
7.9,5.8,28.990398103487824,166.7,1.653182339449541,45.66039810348782,3.6,3.6,5.8
6.2,3.6,10.819436751395527,82.95,1.6522025171624712,19.114436751395527,4.7,1.5,3.6
9.1,4.7,47.07946252412068,119.0125,1.6523687214611875,58.980712524120676,4.6,4.0,4.7
9.1,4.6,29.914986900856665,92.00000000000001,1.6525056947608199,39.114986900856664,5.0,3.0,4.6
6.6,5.0,27.49203221156249,55.15,1.6520454545454544,33.00703221156249,2.7,3.0,5.0
7.0,2.7,26.417413803264573,15.562500000000002,1.6510487528344673,27.97366380326457,3.9,2.5,2.7
8.3,3.9,26.658850421044967,61.987500000000004,1.6507635746606333,32.857600421044964,5.5,2.4,3.9
7.9,5.5,31.884734613770743,134.5625,1.650818284424379,45.34098461377074,4.1,3.3,5.5
9.0,4.1,23.596715815034692,82.3375,1.6507882882882883,31.830465815034692,5.8,3.1,4.1
8.5,5.8,22.718582708319477,158.52500000000003,1.6510955056179775,38.57108270831948,5.3,2.7,5.8
6.9,5.3,13.86631813445097,147.2875,1.650812780269058,28.59506813445097,5.0,1.7,5.3
8.0,5.0,21.828238846257356,91.60000000000001,1.6507550335570471,30.98823884625736,4.5,3.1,5.0
7.4,4.5,19.370396734616733,88.0875,1.650390625,28.179146734616737,4.9,2.1,4.5
6.4,4.9,4.378143040189979,114.6125,1.649860801781737,15.839393040189979,5.0,1.4,4.9
8.6,5.0,40.030502707855355,61.9,1.6499722222222222,46.22050270785535,3.3,4.0,5.0
9.9,3.3,33.81945135215506,48.0375,1.6499722838137472,38.623201352155064,7.2,2.5,3.3
7.1,7.2,29.20388691005097,171.67499999999998,1.6502765486725663,46.37138691005097,3.0,3.5,7.2
11.1,3.0,42.11816976565769,35.175,1.6505242825607067,45.63566976565769,7.4,3.1,3.0
9.2,7.4,35.513996348516436,190.90000000000003,1.6514592511013215,54.60399634851644,4.9,3.9,7.4
9.3,4.9,38.68643909884162,100.3625,1.6517307692307692,48.72268909884162,4.9,3.9,4.9
8.3,4.9,30.12723291177903,102.2375,1.6517269736842106,40.35098291177903,3.8,3.4,4.9
9.6,3.8,32.56970301940362,78.175,1.651777899343545,40.38720301940362,6.2,3.1,3.8
8.1,6.2,51.319314179692945,106.975,1.6520742358078604,62.01681417969294,2.3,4.9,6.2
9.6,2.3,15.239028876941859,35.5375,1.65171568627451,18.79277887694186,7.6,2.0,2.3
10.2,7.6,53.02099583573514,186.42499999999998,1.652961956521739,71.66349583573515,4.8,4.8,7.6
10.1,4.8,36.29647159335388,92.475,1.6534164859002167,45.54397159335388,5.4,3.5,4.8
10.3,5.4,38.24856261658993,122.39999999999998,1.6540854978354975,50.48856261658993,5.9,4.0,5.4
7.3,5.9,31.744570188150984,142.78749999999997,1.6540766738660906,46.02332018815098,3.9,3.1,5.9
9.9,3.9,25.143929220048292,119.4375,1.654229525862069,37.087679220048294,6.5,3.0,3.9
6.6,6.5,26.26023605782679,185.38750000000002,1.6541935483870964,44.798986057826795,3.2,2.9,6.5
9.3,3.2,22.397401747064947,53.20000000000001,1.6539967811158796,27.717401747064947,6.9,2.0,3.2
10.3,6.9,51.42197319460645,145.5375,1.6550588865096358,65.97572319460645,4.9,4.5,6.9
8.2,4.9,33.26644774321727,108.7625,1.6550213675213676,44.14269774321727,4.6,3.5,4.9
7.4,4.6,19.05768307797311,73.475,1.654690831556503,26.40518307797311,4.6,2.6,4.6
10.5,4.6,41.259022700267664,86.825,1.655186170212766,49.94152270026767,5.4,3.9,4.6
8.0,5.4,25.038329143289257,87.44999999999999,1.6552282377919323,33.78332914328926,5.2,2.8,5.4
7.6,5.2,15.04327241027733,100.32500000000002,1.6551112288135592,25.07577241027733,5.4,1.9,5.2
7.7,5.4,23.976943978676175,120.075,1.65507399577167,35.984443978676175,4.6,2.9,5.4
8.3,4.6,29.271271916910855,56.449999999999996,1.65498417721519,34.91627191691086,4.7,3.5,4.6
8.2,4.7,31.16277758666493,58.037499999999994,1.6548947368421054,36.96652758666493,4.4,3.2,4.7
8.0,4.4,30.71780225186541,62.87499999999999,1.6546743697478994,37.00530225186541,4.4,3.3,4.4
7.5,4.4,18.24781769062585,126.99999999999997,1.6543238993710692,30.947817690625847,4.7,2.3,4.4
9.6,4.7,49.19093604587248,66.13749999999999,1.654602510460251,55.80468604587249,5.0,4.4,4.7
8.1,5.0,26.86583414062733,85.60000000000002,1.6545668058455114,35.42583414062733,4.7,3.0,5.0
9.1,4.7,30.687557154394856,100.78750000000001,1.6547135416666667,40.76630715439486,5.7,3.0,4.7
8.1,5.7,46.89601084743912,112.98750000000001,1.6548596673596674,58.19476084743913,2.7,4.2,5.7
10.3,2.7,10.469825939096289,67.8375,1.6547977178423239,17.25357593909629,8.5,1.8,2.7
7.3,8.5,43.77391113801847,255.68750000000003,1.6554606625258803,69.34266113801847,1.7,4.7,8.5
8.7,1.7,5.290795607999002,16.787499999999998,1.6547262396694216,6.969545607999002,7.9,0.8,1.7
3.8,7.9,22.082415158582574,143.18750000000003,1.6543298969072164,36.40116515858258,0.6,3.2,7.9
7.1,0.6,2.7747174559630876,2.6999999999999997,1.652906378600823,3.0447174559630876,6.4,0.7,0.6
7.7,6.4,21.268942718346135,88.77500000000002,1.6531314168377822,30.146442718346137,4.4,3.3,6.4
5.9,4.4,13.825644500758107,120.85000000000001,1.6523821721311474,25.91064450075811,3.8,2.1,4.4
4.2,3.8,26.33819205243329,49.375,1.6510480572597135,31.27569205243329,0.5,3.6,3.8
6.5,0.5,1.7122460759127007,0.8125,1.6494642857142856,1.7934960759127008,6.0,0.5,0.5
8.4,6.0,36.07658166096877,89.25,1.6497708757637475,45.00158166096877,3.8,3.8,6.0
10.6,3.8,43.28901568594156,79.525,1.650076219512195,51.24151568594156,6.4,3.8,3.8
5.8,6.4,14.259641202341886,155.82500000000002,1.6498225152129815,29.84214120234189,3.6,1.9,6.4
8.0,3.6,40.69216090771861,30.825000000000003,1.649418016194332,43.77466090771861,3.9,3.8,3.6
7.5,3.9,9.414602551711482,62.662499999999994,1.6489646464646466,15.680852551711482,5.7,1.8,3.9
7.7,5.7,27.257586561016478,95.66250000000001,1.649017137096774,36.82383656101648,4.0,2.9,5.7
7.9,4.0,35.39715706743381,52.849999999999994,1.648692152917505,40.682157067433806,4.3,3.3,4.0
8.0,4.3,19.709780460398626,46.2125,1.648468875502008,24.331030460398626,5.6,2.1,4.3
9.4,5.6,50.835407419042866,123.40000000000002,1.648922845691383,63.17540741904287,3.7,4.3,5.6
8.0,3.7,17.18513882999157,51.5375,1.6485500000000002,22.338888829991568,5.3,2.7,3.7
7.0,5.3,32.92126578118801,85.7125,1.648328343313373,41.49251578118801,3.5,3.4,5.3
7.5,3.5,29.651555526253137,85.93750000000001,1.6477838645418328,38.24530552625314,4.1,2.8,3.5
8.4,4.1,33.36624727527032,30.362499999999997,1.6476143141153083,36.40249727527032,4.0,4.3,4.1
10.5,4.0,27.68801016146239,101.37500000000001,1.6479414682539684,37.82551016146239,7.3,2.3,4.0
8.7,7.3,52.92121780374402,163.66250000000002,1.648638613861386,69.28746780374402,3.2,5.0,7.3
9.5,3.2,19.8450235454666,35.8,1.6485177865612648,23.4250235454666,7.4,2.1,3.2
9.0,7.4,54.466606250792616,140.725,1.64930966469428,68.53910625079261,2.7,5.4,7.4
10.4,2.7,22.01131918082075,40.7625,1.6492864173228345,26.08756918082075,7.9,2.1,2.7
7.1,7.9,40.05756555824957,204.2375,1.6497298624754422,60.48131555824958,2.3,4.2,7.9
9.2,2.3,16.530850598731305,19.4875,1.6493137254901964,18.479600598731306,6.7,2.5,2.3
7.0,6.7,39.272263789242785,175.36249999999998,1.6494373776908025,56.80851378924278,3.3,3.6,6.7
9.6,3.3,42.75145384259581,35.4375,1.649365234375,46.29520384259581,4.6,4.3,3.3
9.7,4.6,28.31168397163442,91.69999999999999,1.6496345029239765,37.48168397163442,6.5,2.8,4.6
8.0,6.5,32.34665926122696,173.61250000000004,1.6499513618677042,49.707909261226966,3.7,3.6,6.5
9.1,3.7,23.697253885777204,66.8375,1.6498543689320389,30.381003885777204,6.3,2.7,3.7
7.9,6.3,25.955590387175363,159.3375,1.6500968992248062,41.889340387175366,4.5,3.4,6.3
6.6,4.5,23.12387981116796,75.5625,1.6495889748549324,30.68012981116796,3.4,3.2,4.5
10.5,3.4,30.752053411627404,39.050000000000004,1.6497586872586871,34.6570534116274,7.9,2.2,3.4
8.9,7.9,38.0589421834007,160.2875,1.650626204238921,54.087692183400705,3.5,4.6,7.9
10.1,3.5,33.253550513338695,81.36250000000001,1.6507211538461537,41.3898005133387,6.1,3.5,3.5
8.5,6.1,26.41239228904302,139.1375,1.6510556621880998,40.32614228904302,4.7,3.3,6.1
8.1,4.7,21.176441572385777,97.56250000000001,1.6509578544061303,30.932691572385778,5.1,2.5,4.7
9.4,5.1,38.210206854643346,74.81249999999999,1.6512667304015296,45.69145685464335,5.2,3.9,5.1
7.8,5.2,34.29435889697325,163.325,1.6512166030534352,50.626858896973246,3.6,3.5,5.2
9.7,3.6,35.40685726776594,36.45,1.6512380952380952,39.051857267765946,5.8,3.4,3.6
7.8,5.8,35.9101383322355,135.80000000000004,1.6513307984790875,49.4901383322355,3.3,3.8,5.8
8.4,3.3,35.71993916806155,30.7125,1.6509724857685009,38.79118916806155,4.7,3.4,3.3
7.5,4.7,44.7716167526916,130.71249999999998,1.6507339015151516,57.8428667526916,2.5,4.3,4.7
7.9,2.5,6.201082918157975,31.7375,1.6500708884688091,9.374832918157974,6.6,1.3,2.5
8.4,6.6,43.98564151153018,114.225,1.6504952830188682,55.40814151153018,3.5,4.2,6.6
7.3,3.5,13.776385236761037,45.81250000000001,1.6499293785310734,18.357635236761038,5.7,1.3,3.5
4.4,5.7,2.2779866627272356,92.58749999999999,1.6492011278195489,11.536736662727234,2.9,1.5,5.7
7.6,2.9,26.429949462010555,87.21250000000002,1.6485694183864914,35.15119946201056,4.8,2.6,2.9
8.0,4.8,42.30199879632516,70.425,1.6484784644194757,49.344498796325155,3.3,4.3,4.8
7.2,3.3,22.8993993121154,50.9625,1.6478504672897194,27.9956493121154,4.9,2.3,3.3
10.9,4.9,36.913947239098505,85.5125,1.6484608208955223,45.46519723909851,6.7,3.7,4.9
6.8,6.7,19.65423301773811,151.9625,1.6485335195530726,34.850483017738114,3.2,3.1,6.7
9.4,3.2,41.08364916681182,77.2,1.6483968401486986,48.803649166811816,5.3,4.1,3.2
9.2,5.3,26.555202647957863,150.7375,1.6487012987012988,41.62895264795787,5.7,3.0,5.3
7.4,5.7,15.681407648720812,115.76250000000002,1.6486805555555555,27.257657648720816,5.0,2.2,5.7
6.7,5.0,28.58804312074798,64.375,1.6483364140480592,35.02554312074798,2.9,3.4,5.0
9.2,2.9,43.443758165259666,47.68750000000001,1.6480857933579336,48.21250816525966,4.1,4.3,2.9
8.6,4.1,20.517085333252556,79.7875,1.647974217311234,28.495835333252558,5.6,2.5,4.1
6.3,5.6,12.87211141605332,172.9,1.6476792279411765,30.16211141605332,4.2,2.1,5.6
7.6,4.2,32.84692932926628,65.70000000000002,1.647362385321101,39.41692932926628,3.9,3.6,4.2
9.0,3.9,37.95467260690063,60.8625,1.6472985347985347,44.04092260690063,5.0,3.2,3.9
7.2,5.0,25.8878918637846,86.275,1.647074954296161,34.5153918637846,4.0,2.6,5.0
8.6,4.0,38.081743561064194,42.199999999999996,1.6469434306569344,42.30174356106419,4.0,3.6,4.0
9.6,4.0,31.125550881479207,145.92499999999998,1.647040072859745,45.71805088147921,6.8,2.4,4.0
9.8,6.8,30.063024309023973,174.85,1.6478181818181816,47.54802430902397,5.2,3.6,6.8
9.3,5.2,12.977209517831705,120.95,1.648117059891107,25.072209517831705,7.0,2.3,5.2
7.3,7.0,25.67701355510211,224.67499999999995,1.6483695652173913,48.14451355510211,3.5,3.5,7.0
6.7,3.5,19.164100104505994,52.5625,1.647694394213382,24.420350104505996,4.2,2.0,3.5
8.2,4.2,45.380134834113825,47.47500000000001,1.6475180505415163,50.12763483411383,3.2,4.5,4.2
8.4,3.2,4.589879213093638,92.57500000000002,1.6471621621621622,13.847379213093639,6.8,1.6,3.2
10.4,6.8,62.85535641014658,167.64999999999998,1.6480665467625901,79.62035641014657,3.4,5.0,6.8
10.4,3.4,47.82185523782603,46.70000000000001,1.6482046678635545,52.49185523782603,5.7,4.4,3.4
9.8,5.7,25.0187733298727,118.31250000000001,1.64872311827957,36.850023329872705,6.6,2.9,5.7
9.6,6.6,44.95334788528093,148.05,1.649396243291592,59.75834788528093,4.8,4.1,6.6
10.2,4.8,50.99822027393028,85.64999999999999,1.6497991071428573,59.56322027393028,4.4,4.4,4.8
9.6,4.4,17.373299599047126,51.175000000000004,1.6499777183600712,22.490799599047126,6.6,3.0,4.4
6.0,6.6,43.42325877950374,203.7,1.6498443060498222,63.793258779503745,1.6,4.0,6.6
10.1,1.6,30.930419104936178,3.9500000000000006,1.6495115452930729,31.325419104936177,6.5,3.3,1.6
8.8,6.5,53.579560114781785,154.7125,1.6499778368794327,69.05081011478178,3.2,4.6,6.5
7.0,3.2,22.18324362626218,38.05,1.6493141592920353,25.98824362626218,3.8,2.9,3.2
6.1,3.8,14.600352533873536,33.849999999999994,1.6485865724381625,17.985352533873538,3.6,2.5,3.8
5.4,3.6,14.01151828439944,80.69999999999997,1.647663139329806,22.081518284399436,3.2,2.0,3.6
10.3,3.2,39.303717489479034,53.20000000000001,1.6477332746478872,44.623717489479034,6.2,3.6,3.2
9.2,6.2,32.059656261221846,138.025,1.6482205623901582,45.86215626122185,5.1,3.2,6.2
9.9,5.1,37.65416706386365,113.06250000000001,1.6486184210526313,48.96041706386366,5.2,3.8,5.1
9.0,5.2,46.670658171305945,132.95000000000002,1.648839754816112,59.96565817130595,3.4,4.9,5.2
10.6,3.4,26.49243877565244,72.35,1.6490166083916082,33.727438775652445,7.9,2.3,3.4
8.7,7.9,44.905888138747734,217.5125,1.649760034904014,66.65713813874774,2.7,4.6,7.9
8.3,2.7,10.687521188682071,51.6375,1.6492813588850175,15.851271188682071,6.2,2.1,2.7
9.5,6.2,62.710461553609605,137.575,1.6498260869565218,76.4679615536096,2.9,5.1,6.2
7.9,2.9,14.97128066777586,50.762499999999996,1.6493055555555554,20.04753066777586,6.0,1.5,2.9
7.0,6.0,38.972873173789615,90.75,1.649263431542461,48.04787317378962,2.5,4.1,6.0
9.4,2.5,27.681845848262586,23.187500000000004,1.6489835640138408,30.000595848262588,5.7,3.0,2.5
10.5,5.7,43.44696344723795,133.53750000000002,1.64963298791019,56.80071344723795,5.6,4.5,5.7
9.6,5.6,29.114349365171055,160.0,1.6500646551724139,45.11434936517105,6.3,2.9,5.6
8.5,6.3,41.51503208842591,112.6125,1.6504087779690189,52.776282088425916,4.0,4.0,6.3
7.2,4.0,15.113623154812538,81.2,1.6499785223367698,23.23362315481254,5.3,1.7,4.0
6.0,5.3,29.10307425195236,86.16250000000001,1.649571183533448,37.71932425195236,1.9,3.6,5.3
6.4,1.9,12.851469147171793,22.1375,1.6485231164383563,15.065219147171792,4.6,1.4,1.9
9.4,4.6,35.895444281331116,46.70000000000001,1.648696581196581,40.56544428133112,5.3,3.4,4.6
8.4,5.3,27.59860219090406,106.86250000000001,1.6488054607508533,38.28485219090406,5.4,2.6,5.3
10.6,5.4,40.674552883652034,116.175,1.6494037478705281,52.29205288365203,5.4,4.3,5.4
8.1,5.4,19.65560725126494,143.32500000000002,1.649468537414966,33.98810725126494,5.1,2.7,5.4
8.1,5.1,29.25455234408881,100.01249999999999,1.6494694397283531,39.255802344088806,4.4,3.2,5.1
10.4,4.4,36.28110601679131,55.0,1.6498093220338983,41.78110601679131,6.5,3.1,4.4
8.0,6.5,40.709018476666735,135.8875,1.6500846023688662,54.29776847666673,4.2,3.7,6.5
7.4,4.2,22.416826658736543,79.275,1.6497466216216214,30.344326658736545,4.7,2.3,4.2
8.0,4.7,32.46656138070546,74.0125,1.649641652613828,39.86781138070546,4.6,3.4,4.7
10.9,4.6,27.691002129741726,86.825,1.6501262626262627,36.37350212974172,7.5,2.5,4.6
9.2,7.5,37.1799327681459,178.3125,1.6508613445378153,55.0111827681459,4.2,4.1,7.5
9.6,4.2,37.89213428157812,134.32500000000002,1.6509857382550337,51.32463428157813,4.9,3.3,4.2
10.0,4.9,48.38800343941328,81.6125,1.6513400335008375,56.549253439413285,4.6,4.2,4.9
9.3,4.6,38.979377595268495,59.45,1.6514841137123746,44.924377595268496,4.9,3.4,4.6
11.5,4.9,34.469200945559834,189.23750000000004,1.6521494156928214,53.39295094555984,7.4,3.7,4.9
10.2,7.4,31.284442850732844,214.29999999999998,1.6530625,52.714442850732844,6.6,3.3,7.4
9.3,6.6,38.871593983079826,169.87500000000003,1.6536189683860232,55.85909398307983,5.4,3.4,6.6
11.4,5.4,29.467864813095094,127.05,1.654360465116279,42.172864813095096,8.4,2.7,5.4
10.1,8.4,55.2469698167965,221.17500000000004,1.6554519071310119,77.36446981679651,3.2,5.1,8.4
11.2,3.2,40.20348785301347,50.20000000000001,1.6556912251655629,45.223487853013474,6.9,3.6,3.2
8.8,6.9,29.65754144299094,172.6125,1.6561983471074382,46.91879144299094,4.7,3.4,6.9
9.2,4.7,38.24816257927936,121.26249999999999,1.656332508250825,50.37441257927936,4.6,3.4,4.7
8.3,4.6,20.68634143310786,81.12500000000001,1.6562602965403623,28.79884143310786,6.0,2.2,4.6
7.8,6.0,35.07374920591067,107.77500000000002,1.6563733552631579,45.851249205910676,3.4,4.0,6.0
9.8,3.4,27.701701427700343,42.425,1.6563628899835798,31.944201427700342,6.7,2.3,3.4
8.0,6.7,34.41691311110419,99.2375,1.656659836065574,44.34066311110419,3.8,3.4,6.7
8.5,3.8,23.503133834236863,106.30000000000001,1.6564648117839607,34.133133834236865,5.5,2.7,3.8
10.5,5.5,28.895637838801687,113.86250000000003,1.6570261437908496,40.281887838801694,6.7,2.8,5.5
11.5,6.7,42.28544396978134,133.2125,1.6580342577487766,55.60669396978134,6.7,4.1,6.7
8.3,6.7,27.90604710396579,255.38750000000002,1.6583876221498373,53.4447971039658,4.5,3.1,6.7
8.3,4.5,26.33351191260539,98.2125,1.6582926829268292,36.15476191260539,5.8,2.2,4.5
8.5,5.8,48.58490489003515,152.89999999999998,1.6585024350649349,63.87490489003515,2.5,4.8,5.8
8.8,2.5,25.415648222693758,31.5125,1.6581037277147488,28.56689822269376,5.6,3.0,2.5
8.5,5.6,48.791432476754345,77.875,1.6582726537216828,56.578932476754346,3.2,4.8,5.6
8.0,3.2,27.813039335973997,41.650000000000006,1.6578554119547657,31.978039335973996,4.7,2.9,3.2
7.8,4.7,51.17265318889233,45.6625,1.6577016129032258,55.73890318889234,2.3,4.8,4.7
8.7,2.3,32.14382833688982,15.962499999999999,1.6572463768115941,33.740078336889816,5.3,3.2,2.3
8.4,5.3,28.71727598463624,128.46249999999998,1.6573352090032156,41.56352598463624,4.4,3.0,5.3
10.2,4.4,39.64138385770367,74.80000000000001,1.6576043338683788,47.12138385770368,4.8,4.5,4.4
12.1,4.8,47.440170276121975,90.00000000000001,1.6583333333333332,56.440170276121975,7.0,4.3,4.8
7.3,7.0,38.21563866407448,201.72499999999997,1.65854,58.38813866407448,3.0,4.2,7.0
8.3,3.0,26.79636785511003,78.3,1.6581469648562301,34.62636785511003,5.7,2.4,3.0
9.4,5.7,36.193205501129356,90.3375,1.6585127591706539,45.22695550112935,4.5,4.1,5.7
9.3,4.5,39.807628644184895,92.06250000000001,1.6586186305732482,49.0138786441849,5.2,3.6,4.5
9.9,5.2,50.85933430984092,103.85,1.6589825119236885,61.244334309840916,4.4,4.4,5.2
11.0,4.4,39.082335683819416,110.80000000000001,1.6594047619047618,50.16233568381942,6.6,3.2,4.4
6.6,6.6,28.936238704394107,152.77499999999998,1.6593898573692552,44.2137387043941,2.8,3.3,6.6
8.6,2.8,19.93499994641479,15.875,1.659018987341772,21.52249994641479,5.2,2.9,2.8
8.8,5.2,17.343499873364905,116.9,1.6591627172195893,29.033499873364907,6.3,2.0,5.2
6.2,6.3,17.826683059223107,119.5125,1.6590102523659307,29.77793305922311,3.1,2.6,6.3
7.7,3.1,25.566924587424882,57.462500000000006,1.6585236220472441,31.313174587424882,5.2,2.2,3.1
9.6,5.2,56.86254570188501,71.0,1.6588246855345912,63.96254570188501,3.3,5.2,5.2
7.2,3.3,13.193263295307611,81.48749999999998,1.6582810047095762,21.34201329530761,5.6,1.6,3.3
9.8,5.6,53.248492091237175,90.325,1.6586990595611284,62.280992091237174,3.9,4.8,5.6
7.8,3.9,25.739444177076198,60.03750000000001,1.6583920187793424,31.743194177076198,4.8,2.2,3.9
10.0,4.8,38.799775190798385,63.67499999999999,1.65869140625,45.167275190798385,5.5,3.5,4.8
10.6,5.5,38.88096199641285,133.8875,1.6592433697347893,52.26971199641285,6.7,3.6,5.5
8.6,6.7,26.793451410622477,202.9625,1.6596378504672895,47.08970141062248,5.0,3.3,6.7
9.1,5.0,26.608613947328994,100.0,1.659797822706065,36.60861394732899,5.6,3.2,5.0
7.7,5.6,28.139177971407364,150.325,1.6598020186335405,43.17167797140736,4.6,2.9,5.6
7.7,4.6,30.263813638421055,66.65,1.659612403100775,36.928813638421055,4.2,3.2,4.6
7.1,4.2,14.09699491051352,108.22500000000004,1.6592298761609907,24.919494910513524,5.4,1.4,4.2
7.1,5.4,20.348883684169607,100.35000000000001,1.659080370942813,30.38388368416961,4.2,2.7,5.4
5.3,4.2,26.78712818906967,51.449999999999996,1.6583526234567902,31.93212818906967,1.7,3.0,4.2
9.3,1.7,17.994564386703107,11.0125,1.657916024653313,19.095814386703108,7.4,1.9,1.7
8.4,7.4,53.15753520663073,188.35000000000002,1.6584038461538462,71.99253520663073,2.7,5.0,7.4
8.0,2.7,14.094048648497898,61.762499999999996,1.657910906298003,20.2702986484979,6.0,1.5,2.7
9.5,6.0,54.8168428665303,104.925,1.6583397239263804,65.3093428665303,4.3,4.7,6.0
11.7,4.3,39.68225453755161,72.6875,1.658862940275651,46.95100453755161,7.1,3.4,4.3
9.7,7.1,28.420039936186008,152.3125,1.6595374617737,43.65128993618601,5.6,3.1,7.1
8.2,5.6,19.68628067576755,145.6,1.659637404580153,34.24628067576755,5.2,2.4,5.6
8.4,5.2,30.823193916108753,119.6,1.6596989329268292,42.78319391610876,4.8,3.2,5.2
6.4,4.8,10.883940247387393,74.92500000000001,1.6593036529680365,18.376440247387393,5.2,1.2,4.8
8.5,5.2,48.25997844095645,70.85,1.659384498480243,55.34497844095645,2.9,4.5,5.2
9.8,2.9,28.670812068770267,40.93750000000001,1.6592754172989377,32.76456206877027,6.1,2.7,2.9
9.6,6.1,49.95560060187751,99.68750000000001,1.6597348484848484,59.92435060187751,3.8,5.0,6.1
11.6,3.8,28.07255459183795,54.775000000000006,1.6601361573373676,33.55005459183795,8.7,2.5,3.8
8.3,8.7,46.77506997256141,217.68750000000003,1.6608383685800603,68.54381997256141,2.7,4.7,8.7
10.2,2.7,28.232564556674333,31.837499999999995,1.6607654600301658,31.416314556674333,6.8,2.5,2.7
7.7,6.8,18.582854144971527,169.07500000000002,1.6609939759036145,35.49035414497153,5.1,2.6,6.8
7.6,5.1,16.693957018198667,116.28750000000001,1.6608834586466166,28.32270701819867,5.0,2.2,5.1
6.0,5.0,18.891974240581913,55.15,1.660454204204204,24.406974240581913,3.2,2.8,5.0
7.8,3.2,22.873226959030326,30.025000000000002,1.6600262368815593,25.875726959030327,4.5,3.0,3.2
7.0,4.5,22.137397243755068,63.11249999999999,1.6596931137724549,28.44864724375507,3.6,3.3,4.5
9.1,3.6,44.28200331584413,49.79999999999999,1.6595852017937218,49.262003315844126,4.7,4.0,3.6
7.0,4.7,19.028488558024122,84.5125,1.6592910447761196,27.479738558024124,3.9,2.8,4.7
9.0,3.9,16.467444425468134,58.162499999999994,1.6592213114754095,22.283694425468134,6.2,2.5,3.9
8.2,6.2,38.60914552156419,135.025,1.6594308035714285,52.111645521564185,3.7,3.8,6.2
7.3,3.7,26.331704184090988,52.5125,1.6590081723625558,31.582954184090987,3.4,2.7,3.7
7.6,3.4,7.762198852883713,39.800000000000004,1.6585867952522253,11.742198852883714,5.1,2.5,3.4
8.2,5.1,11.882694016241278,201.26249999999993,1.6585925925925928,32.00894401624127,6.7,1.5,5.1
10.1,6.7,52.89154348132503,124.4375,1.6592455621301774,65.33529348132504,4.3,5.1,6.7
9.7,4.3,41.31591991306213,89.7875,1.659379615952733,50.29466991306213,5.6,3.9,4.3
8.4,5.6,45.32591261817665,100.15,1.6595132743362833,55.34091261817665,3.6,4.4,5.6
9.7,3.6,23.29287138096088,66.82500000000002,1.659517673048601,29.97537138096088,6.8,2.8,3.6
5.8,6.8,15.74395417633262,138.70000000000002,1.6593933823529412,29.613954176332623,3.1,2.6,6.8
9.5,3.1,28.76892837309621,43.0625,1.659269456681351,33.07517837309621,5.8,3.2,3.1
8.1,5.8,29.10430297459135,123.65000000000002,1.659384164222874,41.46930297459135,4.5,3.0,5.8
7.0,4.5,22.3766232582068,125.21249999999999,1.659059297218155,34.8978732582068,4.3,2.4,4.5
7.5,4.3,12.201641234516975,53.862500000000004,1.6587902046783625,17.587891234516974,5.1,2.4,4.3
8.6,5.1,51.824695145259405,84.4875,1.658868613138686,60.2734451452594,3.1,4.5,5.1
7.7,3.1,28.614212663783643,47.7125,1.658418367346939,33.38546266378364,4.7,3.0,3.1
7.4,4.7,40.0557331087675,71.8375,1.6582059679767105,47.2394831087675,2.4,4.1,4.7
9.3,2.4,16.192166939713147,10.500000000000002,1.657921511627907,17.242166939713147,7.3,1.7,2.4
6.7,7.3,8.418480631815681,174.9125,1.658055152394775,25.909730631815684,4.7,2.0,7.3
10.2,4.7,32.28607668895487,93.5125,1.6583514492753622,41.63732668895487,6.9,3.3,4.7
9.4,6.9,63.01998479798492,145.2375,1.6589001447178002,77.54373479798492,2.9,5.6,6.9
9.0,2.9,10.933614287469064,42.362500000000004,1.658652456647399,15.169864287469064,7.3,1.7,2.9
7.3,7.3,37.46361241162032,171.08749999999998,1.6588924963924963,54.57236241162032,2.4,4.1,7.3
8.2,2.4,16.872908302879395,43.425000000000004,1.6584113832853027,21.215408302879396,5.6,2.6,2.4
9.2,5.6,49.28804054801294,145.00000000000003,1.6586870503597122,63.788040548012944,3.9,5.0,5.6
7.3,3.9,29.308462775595846,50.887499999999996,1.6583153735632183,34.39721277559585,4.0,3.3,3.9
6.4,4.0,30.55364753010351,39.125,1.6578012912482065,34.46614753010351,3.0,3.3,4.0
8.0,3.0,27.494647634282593,34.5,1.6573961318051578,30.944647634282592,4.3,3.0,3.0
9.0,4.3,30.246541458374132,69.83749999999999,1.6574034334763947,37.23029145837413,5.2,3.4,4.3
8.7,5.2,53.116137506395,96.19999999999999,1.657517857142857,62.736137506394996,3.2,4.7,5.2
10.5,3.2,25.110535214780825,47.800000000000004,1.657596291012839,29.890535214780826,7.5,2.7,3.2
10.2,7.5,53.40181741269561,174.48749999999998,1.658386752136752,70.85056741269561,4.3,4.9,7.5
12.7,4.3,43.465072659769234,84.16250000000001,1.6590504978662874,51.88132265976924,8.6,3.3,4.3
8.1,8.6,39.6924273757941,241.9,1.659659090909091,63.882427375794094,2.7,4.4,8.6
8.5,2.7,16.72922021499811,64.91250000000002,1.6592907801418442,23.220470214998116,6.2,2.3,2.7
10.4,6.2,49.84771450613062,155.95000000000002,1.6598796033994336,65.44271450613063,4.7,4.7,6.2
8.1,4.7,30.59121040455528,92.68750000000001,1.6597949080622345,39.85996040455528,4.3,3.1,4.7
8.7,4.3,36.1894913717242,35.337500000000006,1.6597457627118644,39.7232413717242,4.4,3.9,4.3
9.5,4.4,31.170653810288613,78.55000000000001,1.659855430183357,39.02565381028862,5.5,3.4,4.4
9.2,5.5,31.374538516004694,113.86250000000003,1.6601056338028168,42.760788516004695,5.1,3.2,5.5
10.4,5.1,51.9395166197115,81.6375,1.6604957805907172,60.1032666197115,5.4,4.3,5.1
7.3,5.4,19.887883337976756,123.30000000000001,1.6603932584269665,32.21788333797676,4.1,2.8,5.4
8.9,4.1,15.593674349999128,96.88750000000002,1.660343618513324,25.282424349999133,6.7,1.6,4.1
9.3,6.7,51.34948528424057,138.6125,1.6608193277310925,65.21073528424057,4.1,4.6,6.7
7.0,4.1,27.23222982492609,98.2375,1.6604370629370628,37.05597982492609,4.1,2.6,4.1
6.7,4.1,28.207653826137328,45.21250000000001,1.6600034916201118,32.728903826137326,3.0,3.2,4.1
8.4,3.0,26.1229288862857,30.375,1.6596757322175733,29.1604288862857,5.6,2.7,3.0
8.6,5.6,44.845103359100385,90.02499999999999,1.6598363509749305,53.84760335910038,3.1,4.2,5.6
10.2,3.1,15.971347768171057,69.9875,1.6598400556328232,22.97009776817106,8.5,1.7,3.1
8.7,8.5,68.54475691490961,187.36249999999998,1.6605208333333334,87.28100691490961,1.5,6.2,8.5
9.1,1.5,16.92325195151667,16.837500000000002,1.6600554785020805,18.60700195151667,7.3,1.6,1.5
10.2,7.3,51.464782972209655,123.2375,1.6607860110803325,63.78853297220965,4.4,5.3,7.3
7.4,4.4,10.409514196990651,118.67500000000001,1.6605290456431532,22.277014196990653,5.5,1.9,4.4
7.1,5.5,42.142991696800145,66.61250000000001,1.66041091160221,48.80424169680015,1.8,4.8,5.5
7.2,1.8,14.68738397983147,9.525,1.6596724137931034,15.63988397983147,4.9,2.3,1.8
8.8,4.9,29.63441543831684,90.68750000000001,1.659745179063361,38.703165438316844,5.1,3.1,4.9
9.6,5.1,43.02726330070531,114.63750000000003,1.659989683631362,54.49101330070531,4.8,4.2,5.1
5.9,4.8,20.07121129483108,158.39999999999998,1.6595467032967033,35.91121129483108,3.1,2.3,4.8
8.2,3.1,29.13807690744161,19.2125,1.6592078189300412,31.059326907441612,3.9,3.8,3.1
6.8,3.9,17.602048126070272,72.6375,1.6587671232876713,24.865798126070274,3.9,2.8,3.9
7.8,3.9,16.70955902397214,115.53750000000001,1.658498632010944,28.26330902397214,5.0,2.8,3.9
7.6,5.0,26.35635617097171,111.92500000000001,1.6583845628415301,37.54885617097172,4.3,2.7,5.0
11.2,4.3,34.09466354604508,66.61250000000001,1.6587653478854023,40.755913546045086,7.8,2.9,4.3
4.2,7.8,20.6112908787721,200.55,1.6585490463215258,40.6662908787721,1.5,2.6,7.8
7.9,1.5,20.484681120790718,5.437500000000001,1.6578911564625851,21.028431120790717,5.1,2.7,1.5
7.9,5.1,29.30830099211388,63.93749999999999,1.6578464673913043,35.70205099211388,4.4,3.3,5.1
5.8,4.4,8.523855645302888,72.25,1.6573270013568522,15.74885564530289,4.5,1.3,4.4
6.2,4.5,37.681600968852564,72.5625,1.6568936314363143,44.937850968852565,2.3,3.2,4.5
9.6,2.3,30.381352514648064,6.9624999999999995,1.6566644113667117,31.077602514648063,5.9,3.4,2.3
8.4,5.9,27.18713420240402,113.38749999999999,1.656841216216216,38.52588420240402,4.6,2.8,5.9
9.1,4.6,44.01532830780263,93.95,1.6569163292847502,53.41032830780264,4.8,4.1,4.6
10.8,4.8,40.24850964324141,95.39999999999999,1.657311320754717,49.78850964324141,5.8,3.5,4.8
11.1,5.8,67.41869473857497,96.5,1.6579239569313593,77.06869473857498,4.4,5.7,5.8
8.9,4.4,14.532080698800728,77.72500000000001,1.6579301075268815,22.304580698800727,7.4,1.5,4.4
8.7,7.4,37.871670915566604,156.475,1.6584060402684564,53.519170915566605,3.9,3.2,7.4
11.2,3.9,24.18767104065208,87.86250000000001,1.6587131367292223,32.97392104065208,8.3,2.8,3.9
7.1,8.3,38.883779222856894,267.6625,1.659069611780455,65.6500292228569,1.6,4.5,8.3
9.0,1.6,21.291595938685763,7.325000000000001,1.6586229946524065,22.024095938685765,6.6,2.1,1.6
9.1,6.6,51.13419549842636,139.725,1.6590287049399197,65.10669549842636,3.4,4.6,6.6
7.8,3.4,18.263566712900552,39.50000000000001,1.658683333333333,22.21356671290055,5.5,2.2,3.4
6.2,5.5,35.86174621134743,61.43750000000001,1.6584221038615177,42.005496211347435,2.0,3.7,5.5
7.4,2.0,2.6676936020863877,28.375,1.657779255319149,5.505193602086388,6.4,1.0,2.0
8.2,6.4,46.80030597002852,105.725,1.6580013280212484,57.372805970028516,2.9,4.3,6.4
10.1,2.9,26.60565742246796,61.8625,1.6579575596816973,32.79190742246796,7.3,2.8,2.9
7.7,7.3,39.32005173722221,171.91250000000002,1.6582450331125826,56.51130173722221,2.5,4.0,7.3
7.6,2.5,30.96187493791918,17.4125,1.6577215608465607,32.70312493791918,3.9,3.7,2.5
8.9,3.9,14.853867378925159,46.612500000000004,1.6576453104359312,19.51511737892516,6.3,2.6,3.9
7.6,6.3,28.667153363807145,131.28750000000002,1.6577506596306069,41.79590336380715,4.2,3.1,6.3
8.4,4.2,32.187987640775575,80.32500000000002,1.65764163372859,40.22048764077557,4.5,3.3,4.2
11.0,4.5,59.316251542926736,56.58750000000001,1.6580098684210527,64.97500154292673,5.8,4.8,4.5
8.8,5.8,33.45811281126033,147.275,1.6582293035479634,48.18561281126033,4.7,3.5,5.8
8.2,4.7,34.85373186233097,97.56250000000001,1.6581692913385826,44.60998186233097,4.4,3.2,4.7
6.3,4.4,31.33809817431135,51.17499999999999,1.6577490170380078,36.45559817431135,1.9,4.2,4.4
6.8,1.9,25.403049885235788,15.537499999999998,1.6570026178010473,26.95679988523579,3.5,2.5,1.9
7.7,3.5,17.594537525126103,94.1875,1.6566666666666667,27.013287525126103,5.2,2.2,3.5
8.6,5.2,27.97750677321183,75.95,1.6567558746736288,35.57250677321183,4.6,3.9,5.2
9.3,4.6,31.35876514930587,92.0,1.656861147327249,40.55876514930587,5.7,3.1,4.6
7.2,5.7,34.86132131186784,114.41250000000001,1.6568033854166668,46.302571311867844,3.5,3.5,5.7
4.5,3.5,3.3093002875810003,38.237500000000004,1.6559492847854358,7.133050287581001,3.3,1.2,3.5
9.1,3.3,7.0861580281145224,56.0625,1.655811688311688,12.692408028114523,7.7,1.4,3.3
7.6,7.7,39.3499845601106,171.13750000000002,1.656144617380026,56.4637345601106,3.2,3.8,7.7
5.5,3.2,2.8099814302155197,32.199999999999996,1.6554080310880828,6.0299814302155195,4.1,1.4,3.2
9.2,4.1,50.66577817787632,59.087500000000006,1.6554172056921086,56.57452817787632,4.6,4.1,4.1
10.7,4.6,22.599915666392434,76.4,1.655749354005168,30.239915666392434,8.1,2.3,4.6
7.3,8.1,50.09143476277548,214.01250000000002,1.6560967741935482,71.49268476277548,2.8,4.0,8.1
8.1,2.8,15.95733033466606,20.599999999999994,1.6557184278350516,18.01733033466606,5.7,2.3,2.8
8.0,5.7,27.848205605834302,113.51250000000002,1.6557915057915058,39.1994556058343,4.3,3.1,5.7
9.1,4.3,32.5656168871235,69.83749999999999,1.655816195372751,39.5493668871235,5.8,3.1,4.3
9.6,5.8,62.67096397683067,123.42500000000001,1.6561617458279845,75.01346397683068,3.4,5.0,5.8
7.9,3.4,16.137278774588943,55.925000000000004,1.6558493589743588,21.729778774588944,5.6,2.1,3.4
7.1,5.6,10.334344025055449,112.52499999999998,1.6557618437900128,21.58684402505545,5.2,1.9,5.6
7.1,5.2,15.176749673209796,119.9,1.6556106138107416,27.1667496732098,4.8,2.3,5.2
8.5,4.8,47.03480954139453,97.2,1.6556194125159642,56.75480954139453,3.4,4.2,4.8
11.1,3.4,52.49556153206022,33.574999999999996,1.6558195153061224,55.853061532060224,6.3,4.0,3.4
4.8,6.3,8.51657469250594,109.6125,1.6554777070063698,19.47782469250594,2.5,2.3,6.3
8.4,2.5,38.62502225998676,20.562500000000004,1.6551049618320612,40.681272259986756,3.9,3.7,2.5
8.7,3.9,15.744327440385355,89.8875,1.6550031766200763,24.733077440385358,6.8,1.7,3.9
6.0,6.8,34.277115800427836,191.725,1.6549333756345177,53.449615800427836,2.2,3.1,6.8
9.1,2.2,20.70188679077946,6.2,1.6546261089987326,21.321886790779462,6.3,2.5,2.2
7.9,6.3,42.15917713151857,169.31250000000003,1.6547784810126582,59.09042713151857,3.3,3.8,6.3
8.9,3.3,30.459732427448195,30.037499999999994,1.6546144121365358,33.46348242744819,4.8,3.3,3.3
7.8,4.8,33.843940860933586,77.175,1.6545138888888886,41.56144086093359,4.1,3.4,4.8
10.7,4.1,43.162014029992214,72.88750000000002,1.6547604035308954,50.450764029992214,5.9,3.8,4.1
12.4,5.9,59.83147276951348,125.2375,1.6555573047858942,72.35522276951349,6.7,4.9,5.9
8.1,6.7,36.75430617682404,228.6125,1.6558018867924527,59.61555617682404,3.5,4.0,6.7
7.1,3.5,17.974575914932462,54.43750000000001,1.6553863065326635,23.418325914932463,4.7,2.1,3.5
9.1,4.7,40.31722174248572,64.0375,1.6554736511919699,46.72097174248572,4.9,3.7,4.7
9.2,4.9,21.892957923801063,90.6875,1.655607769423559,30.961707923801065,6.1,3.1,4.9
8.8,6.1,31.876161624800314,130.1375,1.655866708385482,44.88991162480031,5.3,3.2,6.1
6.6,5.3,24.132721055465172,110.23750000000001,1.6556562500000003,35.156471055465175,2.5,3.7,5.3
7.0,2.5,7.618571522556354,49.0625,1.6550717852684145,12.524821522556355,5.5,1.5,2.5
9.5,5.5,42.72497022054763,137.11250000000004,1.6553460099750623,56.43622022054764,5.1,4.0,5.5
6.5,5.1,13.879782130046545,111.03750000000001,1.6550902864259025,24.983532130046548,4.6,1.8,5.1
8.0,4.6,26.437012700166516,83.9,1.6549906716417913,34.82701270016652,4.5,2.8,4.6
4.6,4.5,13.167032325015281,57.71250000000001,1.6543478260869562,18.938282325015283,2.3,2.3,4.5
7.9,2.3,26.63866345067007,17.6875,1.6538771712158808,28.40741345067007,4.5,3.4,2.3
7.1,4.5,23.623892090190914,59.4375,1.6536245353159849,29.567642090190915,4.2,2.9,4.5
10.6,4.2,30.974669937432942,67.5,1.6538675742574256,37.72466993743294,6.9,3.6,4.2
8.2,6.9,38.796740848703024,178.98750000000004,1.6541563658838072,56.69549084870303,4.2,3.7,6.9
10.1,4.2,47.81138828064041,45.375,1.6543209876543208,52.34888828064041,5.1,4.3,4.2
7.8,5.1,20.744118098248904,111.03750000000001,1.6542694204685575,31.847868098248906,5.5,2.3,5.1
9.1,5.5,35.065227053261424,91.0625,1.654479679802956,44.17147705326143,4.5,3.8,5.5
9.8,4.5,19.52326326549339,86.4375,1.6546432964329643,28.16701326549339,7.5,2.2,4.5
8.8,7.5,51.644465050196494,205.68750000000006,1.6551136363636363,72.21321505019651,2.8,5.2,7.5
7.9,2.8,4.711555559122943,69.65,1.654723926380368,11.676555559122944,6.8,1.1,2.8
7.2,6.8,45.64198749032675,96.54999999999998,1.6548406862745098,55.29698749032675,2.0,4.6,6.8
8.2,2.0,24.66939889053997,13.375,1.6543757649938802,26.00689889053997,5.1,2.7,2.0
9.1,5.1,25.495156584168033,138.93750000000003,1.6545232273838628,39.38890658416804,5.4,3.4,5.1
8.8,5.4,22.331434471443536,136.8,1.65467032967033,36.011434471443536,5.8,3.0,5.4
10.0,5.8,47.43432105469961,116.75000000000001,1.655060975609756,59.10932105469961,4.9,4.1,5.8
8.4,4.9,18.386500586320807,67.5125,1.6550700365408038,25.137750586320806,5.5,2.5,4.9
8.7,5.5,30.996968741251894,110.33750000000002,1.6552159367396595,42.030718741251896,5.0,3.5,5.5
11.1,5.0,55.08651992501664,93.62499999999999,1.6556500607533415,64.44901992501664,5.2,4.7,5.0
8.8,5.2,29.916326558654788,90.2,1.6557645631067963,38.93632655865479,4.6,3.7,5.2
9.3,4.6,27.934353376251792,159.65,1.6558636363636363,43.899353376251796,6.8,2.5,4.6
7.2,6.8,29.167945840292376,121.37500000000001,1.655977602905569,41.30544584029238,2.7,3.6,6.8
9.0,2.7,26.514367969448415,61.762499999999996,1.6557436517533255,32.69061796944841,6.5,2.4,2.7
5.7,6.5,34.43003422371392,130.4875,1.6555857487922707,47.478784223713916,2.2,3.2,6.5
8.9,2.2,20.261488964583837,23.075,1.6552623642943307,22.568988964583838,6.2,2.6,2.2
5.7,6.2,43.37120600978096,114.85000000000002,1.6550602409638557,54.85620600978096,0.9,4.2,6.2
8.5,0.9,2.068762400042157,1.0125,1.6544825511432009,2.170012400042157,7.9,0.6,0.9
6.9,7.9,38.12802703107394,158.18750000000003,1.6547175480769234,53.94677703107394,2.2,4.4,7.9
5.8,2.2,18.881940575508537,21.95,1.6539315726290518,21.076940575508537,2.7,3.1,2.2
8.5,2.7,26.05653514520486,51.6375,1.653627098321343,31.220285145204862,6.3,2.1,2.7
10.2,6.3,59.89226181142438,90.78750000000001,1.6541167664670655,68.97101181142439,4.6,5.2,6.3
9.1,4.6,10.998276816252483,98.89999999999999,1.6541866028708134,20.888276816252485,7.0,2.1,4.6
10.8,7.0,50.747081892649994,182.0,1.6548685782556753,68.94708189264999,5.5,4.1,7.0
8.3,5.5,31.106727793573864,101.78750000000001,1.6549522673031025,41.28547779357386,4.3,3.5,5.5
9.1,4.3,41.159307392112716,45.2375,1.6549761620977352,45.683057392112715,4.6,4.3,4.3
8.5,4.6,32.82788359382717,53.900000000000006,1.6549553571428572,38.21788359382717,4.0,3.7,4.6
7.6,4.0,21.574270193869594,67.925,1.6547116527942922,28.366770193869595,4.0,3.6,4.0
7.1,4.0,26.099157409408747,71.0,1.6543942992874108,33.19915740940875,4.5,2.5,4.0
7.9,4.5,13.211275136809954,33.1875,1.654270462633452,16.530025136809954,5.1,2.8,4.5
6.2,5.1,18.150349688659254,129.4875,1.6539840047393366,31.09909968865926,3.9,2.1,5.1
7.7,3.9,31.354059536825062,43.987500000000004,1.6537426035502958,35.75280953682506,3.5,3.6,3.9
8.5,3.5,9.379975837102641,60.5125,1.6535608747044919,15.431225837102641,6.9,1.6,3.5
10.5,6.9,60.96623727507168,163.01250000000002,1.6541765053128692,77.26748727507169,3.5,5.5,6.9
9.9,3.5,20.089540135823082,36.4375,1.6542010613207547,23.733290135823083,7.6,2.3,3.5
4.9,7.6,5.354608749493693,242.0,1.6540930506478209,29.554608749493696,3.0,1.9,7.6
9.3,3.0,28.584209049827567,45.075,1.6539558823529412,33.09170904982757,6.3,2.7,3.0
6.9,6.3,34.17752713219095,117.1125,1.6539512338425382,45.88877713219095,2.2,4.1,6.3
8.1,2.2,19.746788217810852,62.225000000000016,1.6535211267605636,25.969288217810856,5.6,2.3,2.2
8.9,5.6,36.62181458802932,92.575,1.6537075029308324,45.879314588029324,3.8,4.3,5.6
10.0,3.8,25.126205760639134,48.925000000000004,1.6537909836065574,30.018705760639136,7.2,2.7,3.8
8.3,7.2,28.898293132099845,155.7,1.654122807017544,44.468293132099845,4.1,3.7,7.2
8.8,4.1,15.990216478132721,105.88750000000002,1.6540741822429905,26.578966478132724,6.7,1.6,4.1
6.3,6.7,22.96589358244961,110.7875,1.6540402567094517,34.04464358244961,2.4,3.5,6.7
7.8,2.4,26.605213201543897,17.175,1.6535984848484848,28.3227132015439,5.0,2.5,2.4
8.9,5.0,44.58447375429761,80.575,1.653696158323632,52.64197375429761,4.6,3.8,5.0
7.6,4.6,18.467840515110886,65.9,1.6535465116279071,25.057840515110886,4.3,2.7,4.6
5.8,4.3,16.629960797356738,104.41250000000002,1.6530923344947734,27.07121079735674,3.1,2.3,4.3
8.1,3.1,18.526667814433413,51.61249999999999,1.6527987238979118,23.687917814433412,5.7,2.2,3.1
9.5,5.7,62.7448481550796,97.76249999999999,1.6530851680185399,72.5210981550796,3.0,5.2,5.7
11.0,3.0,23.65251623023894,38.25,1.653197337962963,27.47751623023894,8.4,2.3,3.0
10.3,8.4,51.572593226517704,215.55000000000004,1.6539884393063584,73.12759322651772,4.4,5.0,8.4
11.6,4.4,37.339461115718436,129.25000000000003,1.654387990762125,50.26446111571844,8.1,2.8,4.4
7.3,8.1,25.374381229338237,168.6375,1.6547001153402536,42.23813122933824,3.5,3.3,8.1
6.1,3.5,19.94800012926259,88.41250000000001,1.654176267281106,28.78925012926259,3.5,2.3,3.5
8.0,3.5,38.60070792610692,83.91250000000001,1.653926927502877,46.99195792610692,4.1,3.2,3.5
10.0,4.1,16.019970065071707,77.7625,1.654051724137931,23.796220065071708,7.7,1.7,4.1
11.2,7.7,56.26625901167371,189.88750000000002,1.6548650975889783,75.2550090116737,4.5,5.2,7.7
10.6,4.5,28.470521505632572,80.8125,1.6551318807339448,36.55177150563257,7.4,2.8,4.5
8.1,7.4,23.797066264655953,161.20000000000002,1.655455326460481,39.91706626465596,4.4,3.5,7.4
7.5,4.4,4.327761585670957,118.67500000000001,1.655263157894737,16.19526158567096,6.4,1.1,4.4
7.2,6.4,10.744574380918756,112.92500000000003,1.6553142857142855,22.03707438091876,4.7,2.5,6.4
7.9,4.7,26.979008020963747,103.7125,1.655222602739726,37.35025802096375,4.7,2.8,4.7
5.5,4.7,8.53352455393099,78.2875,1.6547890535917902,16.362274553930988,3.3,2.2,4.7
5.7,3.3,13.765947286245927,60.41249999999999,1.6541856492027331,19.807197286245927,3.7,1.6,3.3
6.1,3.7,27.620501706288035,40.81249999999999,1.6536973833902162,31.701751706288036,2.7,3.0,3.7
9.2,2.7,38.576221505312255,32.9625,1.6535085227272728,41.872471505312255,5.6,3.3,2.7
10.7,5.6,55.54763442971709,95.05000000000001,1.65394438138479,65.05263442971709,4.9,4.7,5.6
6.6,4.9,25.93937806786477,90.6875,1.6536989795918366,35.00812806786477,2.9,3.6,4.9
9.4,2.9,17.019381304008586,77.1625,1.65356738391846,24.735631304008585,7.3,2.1,2.9
8.2,7.3,54.48563160203204,184.73749999999998,1.6538885746606335,72.95938160203204,2.6,5.0,7.3
9.0,2.6,31.87853598106879,27.325,1.6536581920903957,34.61103598106879,5.2,2.9,2.6
11.0,5.2,49.289789622513624,90.80000000000001,1.6540773137697518,58.36978962251362,6.4,4.4,5.2
8.9,6.4,39.588123147340376,168.20000000000002,1.6543686583990982,56.408123147340376,4.8,3.8,6.4
9.6,4.8,39.85350986603144,104.62500000000001,1.6545326576576578,50.316009866031436,4.7,4.3,4.8
9.7,4.7,50.55299524139117,102.28750000000002,1.6546962879640046,60.78174524139118,3.9,4.3,4.7
9.4,3.9,28.285851053315234,61.912500000000016,1.6547050561797754,34.47710105331524,6.6,2.7,3.9
8.7,6.6,68.98508560462209,117.525,1.6549943883277216,80.73758560462208,1.9,5.9,6.6
7.7,1.9,15.650404255854466,42.9875,1.6544843049327356,19.949154255854467,5.7,2.0,1.9
8.7,5.7,53.15915947507471,105.18750000000001,1.6546472564389698,63.67790947507471,2.4,4.9,5.7
10.3,2.4,30.16361030512402,32.55,1.6545721476510067,33.41861030512402,6.8,3.2,2.4
8.2,6.8,27.909163136450154,199.52499999999995,1.65481843575419,47.86166313645015,4.5,2.9,6.8
9.0,4.5,39.52514230416947,83.0625,1.6548549107142858,47.83139230416947,4.2,3.8,4.5
5.5,4.2,2.013010581919558,70.2,1.6543617614269788,9.033010581919559,4.5,1.0,4.2
10.7,4.5,45.91934552223357,66.26249999999999,1.6546353006681513,52.54559552223357,6.1,4.2,4.5
9.6,6.1,39.07640776224678,126.98750000000001,1.6549777530589544,51.775157762246785,4.7,3.9,6.1
11.7,4.7,51.91655001236115,115.7875,1.6554166666666668,63.49530001236115,7.1,4.0,4.7
9.9,7.1,53.372806564835614,177.5125,1.655937846836848,71.12405656483561,4.2,5.2,7.1
9.0,4.2,27.230064627624646,112.35000000000001,1.655931263858093,38.46506462762465,6.1,2.0,4.2
10.1,6.1,63.07720486266257,102.23750000000003,1.6563399778516057,73.30095486266256,3.5,5.7,6.1
7.7,3.5,19.81514986454751,98.53750000000001,1.6560564159292035,29.668899864547512,5.8,1.8,3.5
8.4,5.8,53.516808421273986,61.54999999999999,1.6561878453038674,59.67180842127399,2.8,5.0,5.8
9.7,2.8,28.41884829322204,67.85000000000001,1.6560844370860923,35.203848293222045,6.4,2.6,2.8
7.7,6.4,45.00320418128659,108.57500000000002,1.6562017640573319,55.86070418128659,2.4,4.8,6.4
6.2,2.4,16.218208964936565,34.199999999999996,1.6555616740088106,19.638208964936567,4.3,1.9,2.4
7.5,4.3,18.656419657964744,38.3375,1.6553630363036302,22.490169657964742,4.8,2.5,4.3
7.3,4.8,20.369569146420023,82.35000000000001,1.6552060439560439,28.604569146420026,4.1,2.7,4.8
10.3,4.1,49.075479006549735,46.56250000000001,1.6553649835345774,53.731729006549735,5.3,4.7,4.1
7.3,5.3,14.236386268288594,170.1625,1.6552768640350877,31.252636268288594,4.9,2.0,5.3
8.0,4.9,7.689129202219361,130.8125,1.6552300109529026,20.77037920221936,6.7,1.3,4.9
9.0,6.7,40.238310468874715,128.7875,1.655566192560175,53.11706046887471,3.8,4.3,6.7
7.4,3.8,26.32305367643189,69.10000000000001,1.6552868852459017,33.233053676431894,4.6,2.6,3.8
9.5,4.6,42.652128783859986,97.32499999999999,1.6554039301310044,52.38462878385999,4.6,4.1,4.6
8.6,4.6,31.462735363410005,87.50000000000001,1.6553980370774262,40.212735363410005,4.9,3.3,4.6
8.3,4.9,32.435043959496774,97.66250000000001,1.6553921568627452,42.20129395949677,4.4,3.3,4.9
6.6,4.4,35.197117790758504,52.74999999999999,1.6550870511425466,40.4721177907585,2.3,3.5,4.4
7.5,2.3,12.919228379757847,42.58749999999999,1.654619565217391,17.177978379757846,5.4,2.1,2.3
8.9,5.4,39.73342142928801,71.10000000000001,1.6547638436482082,46.84342142928801,4.8,3.8,5.4
7.5,4.8,37.793818236555694,110.175,1.6546366594360087,48.81131823655569,3.7,3.2,4.8
8.5,3.7,21.814061968398597,67.5125,1.6544962080173349,28.565311968398596,5.8,2.7,3.7
11.3,5.8,50.01093251495862,114.64999999999998,1.6550189393939394,61.475932514958615,6.3,4.1,5.8
9.5,6.3,50.441991921571535,150.8625,1.6553648648648647,65.52824192157154,4.3,4.4,6.3
9.2,4.3,17.021421902167894,139.9625,1.6553995680345572,31.017671902167898,7.0,2.2,4.3
6.4,7.0,34.45751668333467,135.125,1.65542071197411,47.97001668333467,1.5,4.3,7.0
9.2,1.5,26.172960904824098,7.5375,1.655078125,26.9267109048241,6.4,2.4,1.5
8.0,6.4,33.678237585720396,125.675,1.6552341227125944,46.2457375857204,3.3,4.2,6.4
9.2,3.3,38.05682722065789,60.41249999999999,1.6551344086021504,44.098077220657885,5.7,3.0,3.3
10.3,5.7,58.234639914623195,95.8875,1.6555048335123523,67.82338991462319,3.7,5.3,5.7
9.4,3.7,17.895218898663096,65.26250000000002,1.6554855150214594,24.421468898663097,6.8,2.6,3.7
5.3,6.8,13.204124102199865,232.525,1.655332261521972,36.45662410219987,3.2,1.8,6.8
9.8,3.2,38.559505344539005,59.725,1.6552997858672378,44.532005344539,5.0,4.1,3.2
9.6,5.0,33.2028541999355,121.825,1.65548128342246,45.385354199935506,6.1,3.3,5.0
10.5,6.1,50.9869924477691,121.36250000000001,1.6559294871794872,63.1232424477691,5.2,4.5,6.1
9.5,5.2,41.475964226133875,113.75,1.6561232657417289,52.850964226133875,4.8,4.0,5.2
7.1,4.8,31.90581868935401,90.15,1.6559434968017057,40.92081868935401,3.6,3.0,4.8
10.3,3.6,36.75867982546492,43.199999999999996,1.6560303514376997,41.07867982546492,6.4,3.5,3.6
8.0,6.4,44.03160093338257,128.675,1.6561835106382978,56.89910093338257,3.1,4.4,6.4
8.1,3.1,17.51263111383346,27.4625,1.6559112646121146,20.25888111383346,5.9,2.2,3.1
9.2,5.9,62.71906467847399,80.0875,1.6561571125265395,70.72781467847399,2.8,5.2,5.9
10.9,2.8,33.0170968548705,37.25,1.6562168610816541,36.7420968548705,8.1,2.5,2.8
9.8,8.1,49.505347222460706,203.5125,1.6568326271186442,69.8565972224607,3.9,4.8,8.1
8.0,3.9,27.859034250753872,77.2875,1.6566534391534389,35.58778425075387,5.0,3.0,3.9
6.1,5.0,19.132214193424975,97.30000000000001,1.6563689217758983,28.862214193424975,3.4,2.7,5.0
7.2,3.4,7.733860360406283,66.5,1.6560190073917636,14.383860360406285,5.7,1.5,3.4
7.9,5.7,46.94803240691018,92.13749999999999,1.656065400843882,56.16178240691018,1.7,4.9,5.7
10.3,1.7,27.55791678454368,13.6375,1.6559009483667015,28.921666784543678,7.8,2.3,1.7
7.4,7.8,37.34217681557351,159.6,1.656157894736842,53.30217681557351,2.4,4.5,7.8
8.4,2.4,26.480484681866784,45.22500000000001,1.6558359621451104,31.002984681866785,5.0,2.9,2.4
7.6,5.0,11.92763673790671,86.95000000000002,1.655751050420168,20.62263673790671,5.2,2.4,5.0
7.9,5.2,38.52513659543189,87.50000000000001,1.6557318992654775,47.27513659543189,3.7,3.5,5.2
7.3,3.7,22.65546769546749,49.0625,1.6554376310272538,27.56171769546749,4.7,2.6,3.7
6.8,4.7,30.25640812329407,70.41250000000001,1.6552094240837696,37.29765812329407,2.9,3.6,4.7
8.8,2.9,19.972818408287914,49.4875,1.6550078451882846,24.921568408287914,5.7,2.6,2.9
10.1,5.7,42.59973354560825,121.3875,1.6553422152560084,54.738483545608254,5.3,4.0,5.7
8.5,5.3,28.140999867164922,99.4375,1.6554149269311065,38.08474986716492,5.1,3.2,5.3
9.4,5.1,33.53390150429261,105.6375,1.6555787278415015,44.09765150429261,5.1,3.8,5.1
7.3,5.1,20.463571447519694,129.4875,1.65546875,33.412321447519695,4.3,2.6,5.1
10.5,4.3,43.457354675277934,50.9375,1.6556711758584808,48.551104675277934,5.5,4.2,4.3
9.3,5.5,21.81109485938645,107.18750000000001,1.6558731808731806,32.52984485938645,5.9,3.2,5.5
9.2,5.9,42.29003036958366,170.9875,1.6561137071651089,59.388780369583664,4.2,4.0,5.9
9.9,4.2,25.42153033745629,73.125,1.6562240663900414,32.73403033745629,7.0,2.6,4.2
7.1,7.0,15.750267912996222,216.42500000000004,1.6563341968911918,37.39276791299623,4.3,2.3,7.0
8.8,4.3,37.914987456695926,73.5875,1.6563146997929608,45.273737456695926,5.1,3.0,4.3
7.5,5.1,17.31670574159126,68.1375,1.6562306101344366,24.130455741591263,5.0,2.1,5.1
10.3,5.0,28.158656923038667,101.725,1.6564953512396694,38.33115692303866,6.7,2.9,5.0
6.0,6.7,19.891948509692977,148.5125,1.6564241486068112,34.743198509692974,2.8,2.8,6.7
9.3,2.8,30.734784547915826,21.724999999999998,1.6562757731958762,32.90728454791583,5.5,3.2,2.8
11.3,5.5,47.87392230630254,117.46249999999998,1.6567327497425335,59.620172306302536,6.4,4.2,5.5
7.0,6.4,39.03357451744596,159.8,1.6567515432098765,55.01357451744597,2.6,4.3,6.4
5.7,2.6,3.968976772545471,18.700000000000003,1.656115107913669,5.838976772545472,3.7,2.0,2.6
9.2,3.7,28.64783700378306,70.9625,1.6560703285420946,35.744087003783065,5.7,2.6,3.7
8.8,5.7,47.35659478405458,86.9625,1.6562307692307692,56.05284478405458,4.3,4.3,5.7
7.5,4.3,18.196674258329967,104.4125,1.656045081967213,28.637924258329967,4.8,2.7,4.3
8.1,4.8,27.62330809775918,89.02499999999999,1.6560005117707266,36.52580809775918,4.9,2.9,4.8
7.6,4.9,21.150010611895183,99.2375,1.6559049079754602,31.07376061189518,4.5,3.1,4.9
9.5,4.5,33.218747835095435,75.86250000000001,1.6560010214504597,40.804997835095435,6.1,3.3,4.5
7.8,6.1,39.10887655087307,118.3625,1.6560841836734692,50.94512655087307,3.5,3.6,6.1
9.9,3.5,39.52050705869649,57.7375,1.6561034658511722,45.29425705869649,5.2,3.7,3.5
9.1,5.2,27.699210557921603,110.82500000000002,1.656237270875764,38.781710557921606,6.1,2.5,5.2
8.8,6.1,39.668719712799124,164.71250000000003,1.6564471007121058,56.13996971279913,4.7,3.9,6.1
8.6,4.7,32.71448098813309,87.5125,1.6564532520325206,41.46573098813309,4.7,3.4,4.7
6.9,4.7,36.76398565738239,62.3125,1.6562436548223354,42.995235657382395,2.5,4.0,4.7
11.3,2.5,23.52757860833144,34.43749999999999,1.656313387423935,26.97132860833144,9.3,1.8,2.5
5.4,9.3,21.781190244006137,181.23749999999998,1.6564969604863222,39.904940244006134,2.4,2.7,9.3
11.5,2.4,20.89718826046141,75.6,1.656578947368421,28.457188260461407,9.0,1.9,2.4
10.1,9.0,66.81766269649441,223.425,1.6573179979777553,89.16016269649441,3.6,5.8,9.0
9.4,3.6,17.272911454056327,143.32500000000002,1.6572853535353533,31.60541145405633,7.6,1.5,3.6
6.6,7.6,34.22263161550015,133.55000000000004,1.657404137235116,47.57763161550015,2.2,3.5,7.6
7.5,2.2,15.35565866497988,29.825,1.6569556451612903,18.33815866497988,5.6,1.9,2.2
8.0,5.6,45.739282597591,105.325,1.6569989929506543,56.271782597591,2.1,5.0,5.6
8.0,2.1,14.555516800043213,38.5875,1.6566021126760564,18.41426680004321,6.2,1.7,2.1
7.1,6.2,19.459593272911,97.22500000000001,1.656608040201005,29.182093272911004,3.8,2.8,6.2
8.8,3.8,38.6215262456533,44.65,1.656526104417671,43.0865262456533,4.4,3.4,3.8
10.4,4.4,39.30486372622441,57.39999999999999,1.6567201604814443,45.04486372622441,6.4,3.9,4.4
9.7,6.4,52.82803723241415,160.99999999999997,1.657076653306613,68.92803723241414,3.5,4.6,6.4
7.2,3.5,11.803203680334866,32.537499999999994,1.656756756756757,15.056953680334866,5.3,1.9,3.5
8.3,5.3,59.17760499593394,118.3375,1.6568,71.01135499593394,2.4,4.9,5.3
